line,eventdate,casenumber,description
9,2018-07-09,18003814MMMA,"PROSECUTOR:  SEATON, CHELSEA RENEE ASSIGNED"
7,2018-07-09,18003940MMMA,"PROSECUTOR:  SEATON, CHELSEA RENEE ASSIGNED"
7,2018-07-09,18004053MMMA,"PROSECUTOR:  SEATON, CHELSEA RENEE ASSIGNED"
7,2018-07-13,18003840MMMA,"PROSECUTOR:  SEATON, CHELSEA RENEE ASSIGNED"
6,2018-07-13,18004361MMMA,"PROSECUTOR:  SEATON, CHELSEA RENEE ASSIGNED"
0,2018-07-17,17002479MMMA,EP - NO INFORMATION ASA CHELSEA STEWART
4,2018-07-19,18003627MMMO,"PROSECUTOR:  SEATON, CHELSEA RENEE ASSIGNED"
6,2018-07-30,18004673MOMS,"PROSECUTOR:  SEATON, CHELSEA RENEE ASSIGNED"
20,2018-08-01,16007588MMMA,"PROSECUTOR:  SEATON, CHELSEA RENEE ASSIGNED"
9,2018-08-01,18002740MMMA,"PROSECUTOR:  SEATON, CHELSEA RENEE ASSIGNED"
9,2018-08-01,18002752CTMA,"PROSECUTOR:  SEATON, CHELSEA RENEE ASSIGNED"
7,2018-08-01,18004113MMMA,"PROSECUTOR:  SEATON, CHELSEA RENEE ASSIGNED"
11,2018-08-06,18004556MMMA,"PROSECUTOR:  SEATON, CHELSEA RENEE ASSIGNED"
10,2018-08-06,18004887MOMS,"PROSECUTOR:  SEATON, CHELSEA RENEE ASSIGNED"
11,2018-08-08,18004464MMMA,"PROSECUTOR:  SEATON, CHELSEA RENEE ASSIGNED"
6,2018-08-08,18004493MMMA,"PROSECUTOR:  SEATON, CHELSEA RENEE ASSIGNED"
10,2018-08-08,18004932MMMA,"PROSECUTOR:  SEATON, CHELSEA RENEE ASSIGNED"
11,2018-08-09,18002029CTMA,"PROSECUTOR:  SEATON, CHELSEA RENEE ASSIGNED"
9,2018-08-10,18004975MMMA,"PROSECUTOR:  SEATON, CHELSEA RENEE ASSIGNED"
12,2018-08-13,18004534MMMA,"PROSECUTOR:  SEATON, CHELSEA RENEE ASSIGNED"
1,2018-08-17,17004597MMMA,EP - NO INFORMATION ASA CHELSEA STEWART
1,2018-08-17,17007569MMMA,EP - NO INFORMATION ASA CHELSEA STEWART
5,2018-08-20,18001057MMMA,"PROSECUTOR:  SEATON, CHELSEA RENEE ASSIGNED"
5,2018-08-20,18002035MMMO,"PROSECUTOR:  SEATON, CHELSEA RENEE ASSIGNED"
10,2018-08-20,18003167MMMA,"PROSECUTOR:  SEATON, CHELSEA RENEE ASSIGNED"
5,2018-08-23,17003155MMMA,EP - NO INFORMATION CHELSEA SEATON
1,2018-08-23,18001556MMMA,EP - NO INFORMATION ASA CHELSEA STEWART
14,2018-09-05,18005532MMMA,"PROSECUTOR:  SEATON, CHELSEA RENEE ASSIGNED"
2,2018-09-06,17001103MMMA,NO INFORMATION BY ASA CHELSEA SEATON
8,2018-09-06,18003216MMMA,"PROSECUTOR:  SEATON, CHELSEA RENEE ASSIGNED"
11,2018-09-07,18004844MMMA,"PROSECUTOR:  SEATON, CHELSEA RENEE ASSIGNED"
6,2018-09-17,18003622MMMO,"PROSECUTOR:  SEATON, CHELSEA RENEE ASSIGNED"
6,2018-09-25,18004473MMMA,"PROSECUTOR:  SEATON, CHELSEA RENEE ASSIGNED"
0,2018-09-27,18003217MMMA,EP - NO INFORMATION ASA CHELSEA STEWART
8,2018-09-28,18005624MMMA,"PROSECUTOR:  STEWART, CHELSEA RENEE ASSIGNED"
11,2018-09-28,18006137MMMA,"PROSECUTOR:  SEATON, CHELSEA RENEE ASSIGNED"
6,2018-10-01,18004289MMMO,"PROSECUTOR:  SEATON, CHELSEA RENEE ASSIGNED"
8,2018-10-01,18005885MMMA,"PROSECUTOR:  STEWART, CHELSEA RENEE ASSIGNED"
12,2018-10-04,15002190CTMA,"PROSECUTOR:  STEWART, CHELSEA RENEE ASSIGNED"
2,2018-10-05,17006076MMMA,EP - NO INFORMATION ASA CHELSEA STEWART
3,2018-10-05,17006076MMMA,EP - NO INFORMATION ASA CHELSEA STEWART
0,2018-10-08,17006053MMMA,EP - NO INFORMATION ASA CHELSEA STEWART
13,2018-10-08,18006291MMMO,"PROSECUTOR:  STEWART, CHELSEA RENEE ASSIGNED"
8,2018-10-08,18006292MMMO,"PROSECUTOR:  STEWART, CHELSEA RENEE ASSIGNED"
10,2018-10-08,18006297MMMO,"PROSECUTOR:  STEWART, CHELSEA RENEE ASSIGNED"
11,2018-10-31,18006621MMMA,"PROSECUTOR:  STEWART, CHELSEA RENEE ASSIGNED"
18,2018-10-31,18006646MMMO,"PROSECUTOR:  STEWART, CHELSEA RENEE ASSIGNED"
6,2018-11-01,18002255MMMA,"PROSECUTOR:  STEWART, CHELSEA RENEE ASSIGNED"
9,2018-11-01,18003789MMMA,"PROSECUTOR:  STEWART, CHELSEA RENEE ASSIGNED"
12,2018-11-01,18005528MMMA,"PROSECUTOR:  STEWART, CHELSEA RENEE ASSIGNED"
8,2018-11-01,18005597MMMA,"PROSECUTOR:  STEWART, CHELSEA RENEE ASSIGNED"
7,2018-11-01,18005970MMMA,"PROSECUTOR:  STEWART, CHELSEA RENEE ASSIGNED"
7,2018-11-01,18006190MMMA,"PROSECUTOR:  STEWART, CHELSEA RENEE ASSIGNED"
9,2018-11-01,18006252MMMA,"PROSECUTOR:  STEWART, CHELSEA RENEE ASSIGNED"
42,2018-11-02,18006684MMMA,"PROSECUTOR:  STEWART, CHELSEA RENEE ASSIGNED"
6,2018-11-02,18006685MMMA,"PROSECUTOR:  STEWART, CHELSEA RENEE ASSIGNED"
12,2018-11-06,18004234MMMA,"PROSECUTOR:  STEWART, CHELSEA RENEE ASSIGNED"
9,2018-11-07,18006438MMMA,"PROSECUTOR:  STEWART, CHELSEA RENEE ASSIGNED"
0,2018-11-08,18004231MMMA,EP - NO INFORMATION ASA CHELSEA STEWART
15,2018-11-09,18006989MMMA,"PROSECUTOR:  STEWART, CHELSEA RENEE ASSIGNED"
11,2018-11-13,17006951MMMA,"PROSECUTOR:  STEWART, CHELSEA RENEE ASSIGNED"
11,2018-11-13,18003339CTMA,"PROSECUTOR:  STEWART, CHELSEA RENEE ASSIGNED"
9,2018-11-13,18004058MMMA,"PROSECUTOR:  STEWART, CHELSEA RENEE ASSIGNED"
7,2018-11-13,18004359MMMA,"PROSECUTOR:  STEWART, CHELSEA RENEE ASSIGNED"
14,2018-11-14,18003678CTMA,"PROSECUTOR:  STEWART, CHELSEA RENEE ASSIGNED"
9,2018-11-14,18004279MMMO,"PROSECUTOR:  STEWART, CHELSEA RENEE ASSIGNED"
8,2018-11-14,18006146MMMA,"PROSECUTOR:  STEWART, CHELSEA RENEE ASSIGNED"
6,2018-11-14,18006235MMMA,"PROSECUTOR:  STEWART, CHELSEA RENEE ASSIGNED"
6,2018-11-15,18003221MMMA,"PROSECUTOR:  STEWART, CHELSEA RENEE ASSIGNED"
12,2018-11-16,18002671MMMO,"PROSECUTOR:  STEWART, CHELSEA RENEE ASSIGNED"
0,2018-11-19,17004032MMMA,EP - NO INFORMATION ASA CHELSEA STEWART
24,2018-11-19,18003024MMMO,"PROSECUTOR:  STEWART, CHELSEA RENEE ASSIGNED"
12,2018-11-19,18006367MMMO,"PROSECUTOR:  STEWART, CHELSEA RENEE ASSIGNED"
6,2018-11-19,18006853MMMA,"PROSECUTOR:  STEWART, CHELSEA RENEE ASSIGNED"
7,2018-11-19,18007040MMMA,"PROSECUTOR:  STEWART, CHELSEA RENEE ASSIGNED"
7,2018-11-19,18007074MMMA,"PROSECUTOR:  STEWART, CHELSEA RENEE ASSIGNED"
2,2018-11-20,18002360MMMA,EP - NO INFORMATION ASA CHELSEA STEWART
8,2018-11-20,18003569MMMO,"PROSECUTOR:  STEWART, CHELSEA RENEE ASSIGNED"
16,2018-11-20,18003591CTMA,"PROSECUTOR:  STEWART, CHELSEA RENEE ASSIGNED"
10,2018-11-20,18003593CTMA,"PROSECUTOR:  STEWART, CHELSEA RENEE ASSIGNED"
1,2018-11-20,18005051MMMA,EP - NO INFORMATION ASA CHELSEA STEWART
10,2018-11-20,18005110MMMA,"PROSECUTOR:  STEWART, CHELSEA RENEE ASSIGNED"
8,2018-11-20,18006201MMMA,"PROSECUTOR:  STEWART, CHELSEA RENEE ASSIGNED"
12,2018-11-26,18003896CTMA,"PROSECUTOR:  STEWART, CHELSEA RENEE ASSIGNED"
10,2018-11-26,18006711MMMA,"PROSECUTOR:  STEWART, CHELSEA RENEE ASSIGNED"
7,2018-11-26,18007030MMMA,"PROSECUTOR:  STEWART, CHELSEA RENEE ASSIGNED"
9,2018-11-28,18006894MMMO,"PROSECUTOR:  STEWART, CHELSEA RENEE ASSIGNED"
9,2018-11-28,18006895MMMO,"PROSECUTOR:  STEWART, CHELSEA RENEE ASSIGNED"
12,2018-11-29,18003843CTMA,"PROSECUTOR:  STEWART, CHELSEA RENEE ASSIGNED"
7,2018-11-29,18005622MMMA,"PROSECUTOR:  STEWART, CHELSEA RENEE ASSIGNED"
8,2018-11-29,18006034MMMA,"PROSECUTOR:  STEWART, CHELSEA RENEE ASSIGNED"
9,2018-11-29,18006038MMMA,"PROSECUTOR:  STEWART, CHELSEA RENEE ASSIGNED"
10,2018-11-29,18007061MMMA,"PROSECUTOR:  STEWART, CHELSEA RENEE ASSIGNED"
11,2018-11-30,18003917CTMA,"PROSECUTOR:  STEWART, CHELSEA RENEE ASSIGNED"
7,2018-12-03,18006348MMMA,"PROSECUTOR:  STEWART, CHELSEA RENEE ASSIGNED"
8,2018-12-03,18006356MMMA,"PROSECUTOR:  STEWART, CHELSEA RENEE ASSIGNED"
21,2018-12-03,18006557MOMS,"PROSECUTOR:  STEWART, CHELSEA RENEE ASSIGNED"
12,2018-12-03,18006563MMMO,"PROSECUTOR:  STEWART, CHELSEA RENEE ASSIGNED"
8,2018-12-03,18007229MMMA,"PROSECUTOR:  STEWART, CHELSEA RENEE ASSIGNED"
7,2018-12-03,18007355MMMO,"PROSECUTOR:  STEWART, CHELSEA RENEE ASSIGNED"
14,2018-12-06,18002619MMMA,"PROSECUTOR:  STEWART, CHELSEA RENEE ASSIGNED"
8,2018-12-06,18005725MMMA,"PROSECUTOR:  STEWART, CHELSEA RENEE ASSIGNED"
27,2018-12-07,18003534CTMA,"PROSECUTOR:  STEWART, CHELSEA RENEE ASSIGNED"
17,2018-12-07,18003745MMMA,"PROSECUTOR:  STEWART, CHELSEA RENEE ASSIGNED"
13,2018-12-07,18003919CTMA,"PROSECUTOR:  STEWART, CHELSEA RENEE ASSIGNED"
12,2018-12-07,18006549MMMA,"PROSECUTOR:  STEWART, CHELSEA RENEE ASSIGNED"
7,2018-12-07,18007051MMMA,"PROSECUTOR:  STEWART, CHELSEA RENEE ASSIGNED"
12,2018-12-10,18004259CTMA,"PROSECUTOR:  STEWART, CHELSEA RENEE ASSIGNED"
10,2018-12-10,18007433MMMA,"PROSECUTOR:  STEWART, CHELSEA RENEE ASSIGNED"
0,2018-12-14,18000527MMMA,EP - NO INFORMATION ASA CHELSEA STEWART
9,2018-12-19,18007277MMMA,"PROSECUTOR:  STEWART, CHELSEA RENEE ASSIGNED"
7,2018-12-20,18002097MMMA,"PROSECUTOR:  STEWART, CHELSEA RENEE ASSIGNED"
7,2018-12-26,18007169MMMO,"PROSECUTOR:  STEWART, CHELSEA RENEE ASSIGNED"
8,2018-12-27,18003011CTMA,"PROSECUTOR:  STEWART, CHELSEA RENEE ASSIGNED"
11,2018-12-27,18003891CTMA,"PROSECUTOR:  STEWART, CHELSEA RENEE ASSIGNED"
7,2018-12-27,18003989MOMS,"PROSECUTOR:  STEWART, CHELSEA RENEE ASSIGNED"
9,2018-12-27,18004882MMMA,"PROSECUTOR:  STEWART, CHELSEA RENEE ASSIGNED"
12,2018-12-27,18005067MMMA,"PROSECUTOR:  STEWART, CHELSEA RENEE ASSIGNED"
5,2018-12-27,18005097MMMA,"PROSECUTOR:  STEWART, CHELSEA RENEE ASSIGNED"
10,2018-12-31,18007617MMMA,"PROSECUTOR:  STEWART, CHELSEA RENEE ASSIGNED"
6,2018-12-31,18007708MMMO,"PROSECUTOR:  STEWART, CHELSEA RENEE ASSIGNED"
7,2018-12-31,18007728MMMA,"PROSECUTOR:  STEWART, CHELSEA RENEE ASSIGNED"
7,2018-12-31,18007734MMMA,"PROSECUTOR:  STEWART, CHELSEA RENEE ASSIGNED"
6,2018-12-31,18007964MMMA,"PROSECUTOR:  STEWART, CHELSEA RENEE ASSIGNED"
11,2019-01-02,18004613CTMA,"PROSECUTOR:  STEWART, CHELSEA RENEE ASSIGNED"
7,2019-01-02,18006404MOMS,"PROSECUTOR:  STEWART, CHELSEA RENEE ASSIGNED"
9,2019-01-03,18003956MMMA,"PROSECUTOR:  STEWART, CHELSEA RENEE ASSIGNED"
7,2019-01-03,18006533MOMS,"PROSECUTOR:  STEWART, CHELSEA RENEE ASSIGNED"
16,2019-01-03,18006778MMMA,"PROSECUTOR:  STEWART, CHELSEA RENEE ASSIGNED"
9,2019-01-03,18007100MMMA,"PROSECUTOR:  STEWART, CHELSEA RENEE ASSIGNED"
11,2019-01-07,18005508MMMA,"PROSECUTOR:  STEWART, CHELSEA RENEE ASSIGNED"
10,2019-01-07,18007621MMMA,"PROSECUTOR:  STEWART, CHELSEA RENEE ASSIGNED"
11,2019-01-07,18007705MMMA,"PROSECUTOR:  STEWART, CHELSEA RENEE ASSIGNED"
16,2019-01-07,19000045CTMA,"PROSECUTOR:  STEWART, CHELSEA RENEE ASSIGNED"
7,2019-01-07,19000052MMMO,"PROSECUTOR:  STEWART, CHELSEA RENEE ASSIGNED"
0,2019-01-08,18001506MMMA,EP - NO INFORMATION ASA CHELSEA STEWART
1,2019-01-08,18001808MMMO,EP - NO INFORMATION ASA CHELSEA STEWART
0,2019-01-09,18003754MMMO,EP - NO INFORMATION ASA CHELSEA STEWART
6,2019-01-10,18007460MMMA,"PROSECUTOR:  STEWART, CHELSEA RENEE ASSIGNED"
8,2019-01-11,18005894MMMA,"PROSECUTOR:  STEWART, CHELSEA RENEE ASSIGNED"
10,2019-01-16,18006712MOMS,"PROSECUTOR:  STEWART, CHELSEA RENEE ASSIGNED"
6,2019-01-17,18006673MMMA,"PROSECUTOR:  STEWART, CHELSEA RENEE ASSIGNED"
6,2019-01-18,18004316MMMA,"PROSECUTOR:  STEWART, CHELSEA RENEE ASSIGNED"
0,2019-01-18,18004741MMMW,EP - NOLLE PROSEQUI ASA CHELSEA STEWART
3,2019-01-22,17003207CTMA,"PROSECUTOR:  STEWART, CHELSEA RENEE ASSIGNED"
8,2019-01-22,18007763MMMO,"PROSECUTOR:  STEWART, CHELSEA RENEE ASSIGNED"
6,2019-01-22,19000196MMMA,"PROSECUTOR:  STEWART, CHELSEA RENEE ASSIGNED"
10,2019-01-23,18004572CTMA,"PROSECUTOR:  STEWART, CHELSEA RENEE ASSIGNED"
9,2019-01-23,19000371MMMA,"PROSECUTOR:  STEWART, CHELSEA RENEE ASSIGNED"
16,2019-01-23,19000392MMMO,"PROSECUTOR:  STEWART, CHELSEA RENEE ASSIGNED"
11,2019-01-24,18004185CTMA,"PROSECUTOR:  STEWART, CHELSEA RENEE ASSIGNED"
11,2019-01-24,18007306MMMA,"PROSECUTOR:  STEWART, CHELSEA RENEE ASSIGNED"
7,2019-01-25,19000302MMMA,"PROSECUTOR:  STEWART, CHELSEA RENEE ASSIGNED"
20,2019-01-25,19000398MMMA,"PROSECUTOR:  STEWART, CHELSEA RENEE ASSIGNED"
18,2019-01-28,19000069CTMA,"PROSECUTOR:  STEWART, CHELSEA RENEE ASSIGNED"
10,2019-01-28,19000407CTMA,"PROSECUTOR:  STEWART, CHELSEA RENEE ASSIGNED"
10,2019-01-29,18003816CTMA,"PROSECUTOR:  STEWART, CHELSEA RENEE ASSIGNED"
0,2019-01-29,18004523MMMA,EP - NO INFORMATION ASA CHELSEA STEWART
11,2019-01-30,18006488MOMS,"PROSECUTOR:  STEWART, CHELSEA RENEE ASSIGNED"
6,2019-01-30,18006590MMMO,"PROSECUTOR:  STEWART, CHELSEA RENEE ASSIGNED"
7,2019-01-30,18006812MOMS,"PROSECUTOR:  STEWART, CHELSEA RENEE ASSIGNED"
11,2019-01-30,18006814MOMS,"PROSECUTOR:  STEWART, CHELSEA RENEE ASSIGNED"
7,2019-01-30,18006818MOMS,"PROSECUTOR:  STEWART, CHELSEA RENEE ASSIGNED"
8,2019-01-30,19000175MMMA,"PROSECUTOR:  STEWART, CHELSEA RENEE ASSIGNED"
10,2019-01-30,19000300MMMA,"PROSECUTOR:  STEWART, CHELSEA RENEE ASSIGNED"
14,2019-01-30,19000543MMMA,"PROSECUTOR:  STEWART, CHELSEA RENEE ASSIGNED"
9,2019-01-31,18006671MMMA,"PROSECUTOR:  STEWART, CHELSEA RENEE ASSIGNED"
9,2019-02-01,19000563MMMA,"PROSECUTOR:  STEWART, CHELSEA RENEE ASSIGNED"
8,2019-05-10,19002791MMMA,"PROSECUTOR:  STEWART, CHELSEA RENEE ASSIGNED"
15,2019-05-10,19003065MMMA,"PROSECUTOR:  STEWART, CHELSEA RENEE ASSIGNED"
29,2019-05-14,19002148MMMA,"PROSECUTOR:  STEWART, CHELSEA RENEE ASSIGNED"
8,2019-05-16,19001036MMMO,"PROSECUTOR:  STEWART, CHELSEA RENEE ASSIGNED"
5,2019-05-16,19002387MMMA,"PROSECUTOR:  STEWART, CHELSEA RENEE ASSIGNED"
19,2019-05-17,19002245CTMA,"PROSECUTOR:  STEWART, CHELSEA RENEE ASSIGNED"
10,2019-05-17,19003203MMMA,"PROSECUTOR:  STEWART, CHELSEA RENEE ASSIGNED"
8,2019-05-20,19002771MMMA,"PROSECUTOR:  STEWART, CHELSEA RENEE ASSIGNED"
10,2019-05-20,19003017MMMA,"PROSECUTOR:  STEWART, CHELSEA RENEE ASSIGNED"
18,2019-05-28,19001093MOMS,"PROSECUTOR:  STEWART, CHELSEA RENEE ASSIGNED"
12,2019-05-28,19002232MMMA,"PROSECUTOR:  STEWART, CHELSEA RENEE ASSIGNED"
10,2019-05-29,19003475MMMA,"PROSECUTOR:  STEWART, CHELSEA RENEE ASSIGNED"
10,2019-06-03,19003117MMMA,"PROSECUTOR:  STEWART, CHELSEA RENEE ASSIGNED"
12,2019-06-03,19003153MMMA,"PROSECUTOR:  STEWART, CHELSEA RENEE ASSIGNED"
10,2019-06-03,19003300MMMA,"PROSECUTOR:  STEWART, CHELSEA RENEE ASSIGNED"
8,2019-06-03,19003367MMMA,"PROSECUTOR:  STEWART, CHELSEA RENEE ASSIGNED"
8,2019-06-03,19003548MMMA,"PROSECUTOR:  STEWART, CHELSEA RENEE ASSIGNED"
9,2019-06-05,19003156MMMA,"PROSECUTOR:  STEWART, CHELSEA RENEE ASSIGNED"
13,2019-06-05,19003342MMMA,"PROSECUTOR:  STEWART, CHELSEA RENEE ASSIGNED"
9,2019-06-05,19003380MMMA,"PROSECUTOR:  STEWART, CHELSEA RENEE ASSIGNED"
11,2019-06-05,19003587MMMA,"PROSECUTOR:  STEWART, CHELSEA RENEE ASSIGNED"
14,2019-06-05,19003595MMMO,"PROSECUTOR:  STEWART, CHELSEA RENEE ASSIGNED"
7,2019-06-06,18006802MMMA,"PROSECUTOR:  STEWART, CHELSEA RENEE ASSIGNED"
9,2019-06-07,19003450MMMA,"PROSECUTOR:  STEWART, CHELSEA RENEE ASSIGNED"
7,2019-06-10,19001720MMMO,"PROSECUTOR:  STEWART, CHELSEA RENEE ASSIGNED"
7,2019-06-10,19003594MMMO,"PROSECUTOR:  STEWART, CHELSEA RENEE ASSIGNED"
13,2019-06-10,19003770MMMA,"PROSECUTOR:  STEWART, CHELSEA RENEE ASSIGNED"
8,2019-06-12,19003665MMMA,"PROSECUTOR:  STEWART, CHELSEA RENEE ASSIGNED"
15,2019-06-13,19002340CTMA,"PROSECUTOR:  STEWART, CHELSEA RENEE ASSIGNED"
11,2019-06-13,19002976MMMA,"PROSECUTOR:  STEWART, CHELSEA RENEE ASSIGNED"
6,2019-06-14,19002358MMMO,"PROSECUTOR:  STEWART, CHELSEA RENEE ASSIGNED"
0,2019-06-17,18000383MMMA,"PROSECUTOR:  STEWART, CHELSEA RENEE ASSIGNED"
0,2019-06-17,18005309MMMA,"PROSECUTOR:  STEWART, CHELSEA RENEE ASSIGNED"
0,2019-06-17,18006074MMMA,"PROSECUTOR:  STEWART, CHELSEA RENEE ASSIGNED"
14,2019-06-17,18006174MMMA,"PROSECUTOR:  STEWART, CHELSEA RENEE ASSIGNED"
13,2019-06-17,19003646MMMA,"PROSECUTOR:  STEWART, CHELSEA RENEE ASSIGNED"
10,2019-06-17,19003848MOMS,"PROSECUTOR:  STEWART, CHELSEA RENEE ASSIGNED"
7,2019-06-19,19003667MMMA,"PROSECUTOR:  STEWART, CHELSEA RENEE ASSIGNED"
10,2019-06-19,19003903MMMO,"PROSECUTOR:  STEWART, CHELSEA RENEE ASSIGNED"
11,2019-06-20,19002200MMMA,"PROSECUTOR:  STEWART, CHELSEA RENEE ASSIGNED"
9,2019-06-21,19003569MMMA,"PROSECUTOR:  STEWART, CHELSEA RENEE ASSIGNED"
26,2019-06-24,19001087CTMA,"PROSECUTOR:  STEWART, CHELSEA RENEE ASSIGNED"
7,2019-06-24,19004029MMMA,"PROSECUTOR:  STEWART, CHELSEA RENEE ASSIGNED"
10,2019-07-03,19004197MMMA,"PROSECUTOR:  STEWART, CHELSEA RENEE ASSIGNED"
8,2019-07-08,19003481MMMA,"PROSECUTOR:  STEWART, CHELSEA RENEE ASSIGNED"
1,2019-07-10,18006239MMMA,"PROSECUTOR:  STEWART, CHELSEA RENEE ASSIGNED"
0,2019-07-11,19000174MMMA,"PROSECUTOR:  STEWART, CHELSEA RENEE ASSIGNED"
0,2019-07-15,16004854MMMA,"PROSECUTOR:  STEWART, CHELSEA RENEE ASSIGNED"
9,2019-07-16,19003470MMMA,"PROSECUTOR:  STEWART, CHELSEA RENEE ASSIGNED"
12,2019-07-16,19003779MMMA,"PROSECUTOR:  STEWART, CHELSEA RENEE ASSIGNED"
14,2019-07-18,19002172CTMA,"PROSECUTOR:  STEWART, CHELSEA RENEE ASSIGNED"
6,2019-07-18,19002739MMMA,"PROSECUTOR:  STEWART, CHELSEA RENEE ASSIGNED"
7,2019-07-18,19003049MMMA,"PROSECUTOR:  STEWART, CHELSEA RENEE ASSIGNED"
8,2019-07-18,19003410MMMA,"PROSECUTOR:  STEWART, CHELSEA RENEE ASSIGNED"
7,2019-07-25,19002795MMMA,"PROSECUTOR:  STEWART, CHELSEA RENEE ASSIGNED"
7,2019-07-29,19004537MMMO,"PROSECUTOR:  STEWART, CHELSEA RENEE ASSIGNED"
10,2019-07-30,19004039MMMA,"PROSECUTOR:  STEWART, CHELSEA RENEE ASSIGNED"
23,2019-07-31,19004763MMMA,"PROSECUTOR:  STEWART, CHELSEA RENEE ASSIGNED"
9,2019-08-02,19004916MOMS,"PROSECUTOR:  STEWART, CHELSEA RENEE ASSIGNED"
7,2019-08-05,19004506MMMA,"PROSECUTOR:  STEWART, CHELSEA RENEE ASSIGNED"
7,2019-08-05,19004712MOMS,"PROSECUTOR:  STEWART, CHELSEA RENEE ASSIGNED"
6,2019-08-05,19004846MMMA,"PROSECUTOR:  STEWART, CHELSEA RENEE ASSIGNED"
7,2019-08-05,19004945MMMA,"PROSECUTOR:  STEWART, CHELSEA RENEE ASSIGNED"
0,2019-08-06,18007363MMMA,"PROSECUTOR:  STEWART, CHELSEA RENEE ASSIGNED"
1,2019-08-06,19001910CTMA,"PROSECUTOR:  STEWART, CHELSEA RENEE ASSIGNED"
1,2019-08-08,19003024MMMA,EP - NO INFORMATION ASA CHELSEA STEWART
7,2019-08-12,19004871MMMA,"PROSECUTOR:  STEWART, CHELSEA RENEE ASSIGNED"
15,2019-08-14,19003701CTMA,"PROSECUTOR:  STEWART, CHELSEA RENEE ASSIGNED"
0,2019-08-14,19004321MOMS,EP - NO INFORMATION ASA CHELSEA STEWART
24,2019-08-19,19001431CTMA,"PROSECUTOR:  STEWART, CHELSEA RENEE ASSIGNED"
23,2019-08-19,19001432CTMA,"PROSECUTOR:  STEWART, CHELSEA RENEE ASSIGNED"
23,2019-08-19,19001433CTMA,"PROSECUTOR:  STEWART, CHELSEA RENEE ASSIGNED"
7,2019-08-19,19004764MMMO,"PROSECUTOR:  STEWART, CHELSEA RENEE ASSIGNED"
8,2019-08-19,19005010MMMA,"PROSECUTOR:  STEWART, CHELSEA RENEE ASSIGNED"
7,2019-08-19,19005011MMMA,"PROSECUTOR:  STEWART, CHELSEA RENEE ASSIGNED"
10,2019-08-19,19005161MMMA,"PROSECUTOR:  STEWART, CHELSEA RENEE ASSIGNED"
10,2019-08-21,19005251MMMA,"PROSECUTOR:  STEWART, CHELSEA RENEE ASSIGNED"
7,2019-08-23,19005175MMMA,"PROSECUTOR:  STEWART, CHELSEA RENEE ASSIGNED"
0,2019-08-26,19004506MMMA,EP - NO INFORMATION ASA CHELSEA STEWART
2,2019-08-26,19005023MMMA,"PROSECUTOR:  STEWART, CHELSEA RENEE ASSIGNED"
7,2019-08-26,19005186MMMO,"PROSECUTOR:  STEWART, CHELSEA RENEE ASSIGNED"
7,2019-08-26,19005202MMMO,"PROSECUTOR:  STEWART, CHELSEA RENEE ASSIGNED"
10,2019-08-26,19005248MMMA,"PROSECUTOR:  STEWART, CHELSEA RENEE ASSIGNED"
1,2019-08-26,19005341MMMO,"PROSECUTOR:  STEWART, CHELSEA RENEE ASSIGNED"
5,2019-08-27,16003484CTMA,"PROSECUTOR:  STEWART, CHELSEA RENEE ASSIGNED"
0,2019-08-27,19005251MMMA,EP - NO INFORMATION ASA CHELSEA STEWART
10,2019-08-28,19005363MMMA,"PROSECUTOR:  STEWART, CHELSEA RENEE ASSIGNED"
5,2019-08-30,19005475MMMO,"PROSECUTOR:  STEWART, CHELSEA RENEE ASSIGNED"
12,2019-09-03,19001976CTMA,"PROSECUTOR:  STEWART, CHELSEA RENEE ASSIGNED"
10,2019-09-03,19002061MMMA,"PROSECUTOR:  STEWART, CHELSEA RENEE ASSIGNED"
40,2019-09-03,19004021MMMA,"PROSECUTOR:  STEWART, CHELSEA RENEE ASSIGNED"
8,2019-09-03,19004043MMMO,"PROSECUTOR:  STEWART, CHELSEA RENEE ASSIGNED"
9,2019-09-03,19004780MMMA,"PROSECUTOR:  STEWART, CHELSEA RENEE ASSIGNED"
11,2019-09-04,19004773MMMA,"PROSECUTOR:  STEWART, CHELSEA RENEE ASSIGNED"
7,2019-09-04,19005159MMMA,"PROSECUTOR:  STEWART, CHELSEA RENEE ASSIGNED"
9,2019-09-04,19005543MMMA,"PROSECUTOR:  STEWART, CHELSEA RENEE ASSIGNED"
11,2019-09-05,19002456CTMA,"PROSECUTOR:  STEWART, CHELSEA RENEE ASSIGNED"
12,2019-09-05,19003211CTMA,"PROSECUTOR:  STEWART, CHELSEA RENEE ASSIGNED"
2,2019-09-05,19004723MMMA,"PROSECUTOR:  STEWART, CHELSEA RENEE ASSIGNED"
2,2019-09-05,19005062MMMA,"PROSECUTOR:  STEWART, CHELSEA RENEE ASSIGNED"
8,2019-09-06,19005530MMMA,"PROSECUTOR:  STEWART, CHELSEA RENEE ASSIGNED"
0,2019-09-09,19005161MMMA,EP - NO INFORMATION ASA CHELSEA STEWART
0,2019-09-10,19005186MMMO,EP - NO INFORMATION ASA CHELSEA STEWART
16,2019-09-11,14003029CTMA,"PROSECUTOR:  STEWART, CHELSEA RENEE ASSIGNED"
9,2019-09-11,19005589MMMA,"PROSECUTOR:  STEWART, CHELSEA RENEE ASSIGNED"
10,2019-09-11,19005695MMMA,"PROSECUTOR:  STEWART, CHELSEA RENEE ASSIGNED"
15,2019-09-11,19005728MMMA,"PROSECUTOR:  STEWART, CHELSEA RENEE ASSIGNED"
1,2019-09-12,19003788CTMA,"PROSECUTOR:  STEWART, CHELSEA RENEE ASSIGNED"
3,2019-09-16,19005587MMMA,"PROSECUTOR:  STEWART, CHELSEA RENEE ASSIGNED"
12,2019-09-16,19005717MMMA,"PROSECUTOR:  STEWART, CHELSEA RENEE ASSIGNED"
2,2019-09-16,19005794MMMO,"PROSECUTOR:  STEWART, CHELSEA RENEE ASSIGNED"
12,2019-09-16,19005816MMMA,"PROSECUTOR:  STEWART, CHELSEA RENEE ASSIGNED"
0,2019-09-17,18001767MMMA,"PROSECUTOR:  STEWART, CHELSEA RENEE ASSIGNED"
5,2019-09-17,19001043MMMA,"PROSECUTOR:  STEWART, CHELSEA RENEE ASSIGNED"
7,2019-09-18,19005507MMMA,"PROSECUTOR:  STEWART, CHELSEA RENEE ASSIGNED"
9,2019-09-18,19005579MMMA,"PROSECUTOR:  STEWART, CHELSEA RENEE ASSIGNED"
12,2019-09-19,19002812CTMA,"PROSECUTOR:  STEWART, CHELSEA RENEE ASSIGNED"
0,2019-09-19,19005695MMMA,EP - NO INFORMATION ASA CHELSEA STEWART
42,2019-09-23,19004348CTMA,"PROSECUTOR:  STEWART, CHELSEA RENEE ASSIGNED"
10,2019-09-23,19005675MMMA,"PROSECUTOR:  STEWART, CHELSEA RENEE ASSIGNED"
9,2019-09-24,19002529MMMA,"PROSECUTOR:  STEWART, CHELSEA RENEE ASSIGNED"
2,2019-09-24,19005964MOMS,"PROSECUTOR:  STEWART, CHELSEA RENEE ASSIGNED"
12,2019-09-25,19005575MMMA,"PROSECUTOR:  STEWART, CHELSEA RENEE ASSIGNED"
8,2019-09-26,18007597MMMA,"PROSECUTOR:  STEWART, CHELSEA RENEE ASSIGNED"
23,2019-09-26,19002968MMMA,"PROSECUTOR:  STEWART, CHELSEA RENEE ASSIGNED"
5,2019-09-26,19003247MMMO,"PROSECUTOR:  STEWART, CHELSEA RENEE ASSIGNED"
1,2019-10-01,19001751CTMA,"PROSECUTOR:  STEWART, CHELSEA RENEE ASSIGNED"
1,2019-10-01,19001773CTMA,"PROSECUTOR:  STEWART, CHELSEA RENEE ASSIGNED"
1,2019-10-01,19002801CTMA,"PROSECUTOR:  STEWART, CHELSEA RENEE ASSIGNED"
8,2019-10-02,19004182MMMA,"PROSECUTOR:  STEWART, CHELSEA RENEE ASSIGNED"
107,2019-10-04,19003879MMMO,"PROSECUTOR:  STEWART, CHELSEA RENEE ASSIGNED"
17,2019-10-07,19004651MMMA,"PROSECUTOR:  STEWART, CHELSEA RENEE ASSIGNED"
11,2019-10-11,19004954MMMA,"PROSECUTOR:  STEWART, CHELSEA RENEE ASSIGNED"
5,2019-10-14,19006171MOMS,"PROSECUTOR:  STEWART, CHELSEA RENEE ASSIGNED"
7,2019-10-14,19006307MMMA,"PROSECUTOR:  STEWART, CHELSEA RENEE ASSIGNED"
2,2019-10-16,18000163CTMA,"PROSECUTOR:  STEWART, CHELSEA RENEE ASSIGNED"
9,2019-10-16,19005873MOMS,"PROSECUTOR:  STEWART, CHELSEA RENEE ASSIGNED"
33,2019-10-16,19005983MOMS,"PROSECUTOR:  STEWART, CHELSEA RENEE ASSIGNED"
31,2019-10-16,19005984MMMA,"PROSECUTOR:  STEWART, CHELSEA RENEE ASSIGNED"
7,2019-10-16,19006059MMMA,"PROSECUTOR:  STEWART, CHELSEA RENEE ASSIGNED"
5,2019-10-18,16001372MMMO,"PROSECUTOR:  STEWART, CHELSEA RENEE ASSIGNED"
8,2019-10-23,19006176MMMA,"PROSECUTOR:  STEWART, CHELSEA RENEE ASSIGNED"
8,2019-10-23,19006448MMMA,"PROSECUTOR:  STEWART, CHELSEA RENEE ASSIGNED"
7,2019-10-23,19006485MOMS,"PROSECUTOR:  STEWART, CHELSEA RENEE ASSIGNED"
6,2019-10-24,19006681MMMW,"PROSECUTOR:  STEWART, CHELSEA RENEE ASSIGNED"
8,2019-10-25,19003837MMMA,"PROSECUTOR:  STEWART, CHELSEA RENEE ASSIGNED"
12,2019-10-25,19006053MMMA,"PROSECUTOR:  STEWART, CHELSEA RENEE ASSIGNED"
9,2019-10-28,19005177MMMA,"PROSECUTOR:  STEWART, CHELSEA RENEE ASSIGNED"
9,2019-10-29,19005132MMMO,"PROSECUTOR:  STEWART, CHELSEA RENEE ASSIGNED"
10,2019-10-29,19005232MMMA,"PROSECUTOR:  STEWART, CHELSEA RENEE ASSIGNED"
6,2019-10-29,19005849MMMA,"PROSECUTOR:  STEWART, CHELSEA RENEE ASSIGNED"
1,2019-10-31,19004226MMMA,"PROSECUTOR:  STEWART, CHELSEA RENEE ASSIGNED"
9,2019-10-31,19004551CTMA,"PROSECUTOR:  STEWART, CHELSEA RENEE ASSIGNED"
1,2019-10-31,19005054CTMA,"PROSECUTOR:  STEWART, CHELSEA RENEE ASSIGNED"
7,2019-11-04,19006679MOMS,"PROSECUTOR:  STEWART, CHELSEA RENEE ASSIGNED"
12,2019-11-06,17007606MMMA,"PROSECUTOR:  STEWART, CHELSEA RENEE ASSIGNED"
7,2019-11-06,19005321CTMA,"PROSECUTOR:  STEWART, CHELSEA RENEE ASSIGNED"
10,2019-11-06,19006739MMMA,"PROSECUTOR:  STEWART, CHELSEA RENEE ASSIGNED"
18,2019-11-06,19006741MMMA,"PROSECUTOR:  STEWART, CHELSEA RENEE ASSIGNED"
2,2019-11-12,17007499MMMA,NO INFORMATION BY ASA CHELSEA STEWART
3,2019-11-12,17007499MMMA,"PROSECUTOR:  STEWART, CHELSEA RENEE ASSIGNED"
7,2019-11-12,18001097CTMA,"PROSECUTOR:  STEWART, CHELSEA RENEE ASSIGNED"
44,2019-11-12,19003006CTMA,"PROSECUTOR:  STEWART, CHELSEA RENEE ASSIGNED"
10,2019-11-12,19005255MMMA,"PROSECUTOR:  STEWART, CHELSEA RENEE ASSIGNED"
7,2019-11-13,19006509MMMA,"PROSECUTOR:  STEWART, CHELSEA RENEE ASSIGNED"
7,2019-11-13,19006545MMMA,"PROSECUTOR:  STEWART, CHELSEA RENEE ASSIGNED"
8,2019-11-13,19006582MMMA,"PROSECUTOR:  STEWART, CHELSEA RENEE ASSIGNED"
30,2019-11-13,19006798MMMA,"PROSECUTOR:  STEWART, CHELSEA RENEE ASSIGNED"
7,2019-11-13,19006801MMMO,"PROSECUTOR:  STEWART, CHELSEA RENEE ASSIGNED"
9,2019-11-15,16002829MMMA,"PROSECUTOR:  STEWART, CHELSEA RENEE ASSIGNED"
1,2019-11-15,18003878MMMA,"PROSECUTOR:  STEWART, CHELSEA RENEE ASSIGNED"
7,2019-11-15,19006300MMMA,"PROSECUTOR:  STEWART, CHELSEA RENEE ASSIGNED"
8,2019-11-15,19006562MMMO,"PROSECUTOR:  STEWART, CHELSEA RENEE ASSIGNED"
12,2019-11-18,19005142CTMA,"PROSECUTOR:  STEWART, CHELSEA RENEE ASSIGNED"
10,2019-11-18,19006635MMMA,"PROSECUTOR:  STEWART, CHELSEA RENEE ASSIGNED"
10,2019-11-18,19006636MMMA,"PROSECUTOR:  STEWART, CHELSEA RENEE ASSIGNED"
8,2019-11-18,19006667MMMA,"PROSECUTOR:  STEWART, CHELSEA RENEE ASSIGNED"
10,2019-11-18,19006764MMMO,"PROSECUTOR:  STEWART, CHELSEA RENEE ASSIGNED"
7,2019-11-18,19006806MMMA,"PROSECUTOR:  STEWART, CHELSEA RENEE ASSIGNED"
42,2019-11-18,19006826MMMA,"PROSECUTOR:  STEWART, CHELSEA RENEE ASSIGNED"
3,2019-11-18,19006877MMMA,"PROSECUTOR:  STEWART, CHELSEA RENEE ASSIGNED"
10,2019-11-20,19006708MMMA,"PROSECUTOR:  STEWART, CHELSEA RENEE ASSIGNED"
10,2019-11-20,19006981MMMW,"PROSECUTOR:  STEWART, CHELSEA RENEE ASSIGNED"
5,2019-11-21,19002315MMMA,"DEFENSE ATTORNEY:  STEWART, CHELSEA RENEE ASSIGNED"
10,2019-11-21,19004177MMMA,"PROSECUTOR:  STEWART, CHELSEA RENEE ASSIGNED"
0,2019-11-21,19004871MMMA,EP - NO INFORMATION ASA CHELSEA STEWART
6,2019-11-21,19005458MMMO,"PROSECUTOR:  STEWART, CHELSEA RENEE ASSIGNED"
2,2019-11-25,19004651MMMA,EP - NO INFORMATION ASA CHELSEA STEWART
4,2019-11-25,19004651MMMA,"PROSECUTOR:  STEWART, CHELSEA RENEE ASSIGNED"
0,2019-12-05,19006679MOMS,EP - NO INFORMATION ASA CHELSEA STEWART
1,2019-12-06,18003657CTMA,"PROSECUTOR:  STEWART, CHELSEA RENEE ASSIGNED"
6,2019-12-09,19007090MMMA,"PROSECUTOR:  STEWART, CHELSEA RENEE ASSIGNED"
7,2019-12-09,19007100MMMO,"PROSECUTOR:  STEWART, CHELSEA RENEE ASSIGNED"
4,2019-12-10,18007896MMMA,EP - NO INFORMATION ASA CHELSEA STEWART
5,2019-12-10,18007896MMMA,"PROSECUTOR:  STEWART, CHELSEA RENEE ASSIGNED"
7,2019-12-11,19007193MMMA,"PROSECUTOR:  STEWART, CHELSEA RENEE ASSIGNED"
5,2019-12-12,19007168MMMA,"PROSECUTOR:  STEWART, CHELSEA RENEE ASSIGNED"
1,2019-12-12,19007169MMMA,"PROSECUTOR:  STEWART, CHELSEA RENEE ASSIGNED"
1,2019-12-16,19005366MMMA,"PROSECUTOR:  STEWART, CHELSEA RENEE ASSIGNED"
13,2019-12-17,19004817MMMA,"PROSECUTOR:  STEWART, CHELSEA RENEE ASSIGNED"
11,2019-12-18,19005246MMMA,"PROSECUTOR:  STEWART, CHELSEA RENEE ASSIGNED"
0,2019-12-18,19006300MMMA,EP - NO INFORMATION ASA CHELSEA STEWART
7,2019-12-18,19007029MMMA,"PROSECUTOR:  STEWART, CHELSEA RENEE ASSIGNED"
6,2019-12-18,19007030MMMA,"PROSECUTOR:  STEWART, CHELSEA RENEE ASSIGNED"
14,2019-12-18,19007195MMMA,"PROSECUTOR:  STEWART, CHELSEA RENEE ASSIGNED"
17,2019-12-18,19007280MMMA,"PROSECUTOR:  STEWART, CHELSEA RENEE ASSIGNED"
7,2019-12-18,19007362MOMS,"PROSECUTOR:  STEWART, CHELSEA RENEE ASSIGNED"
8,2019-12-18,19007386MMMA,"PROSECUTOR:  STEWART, CHELSEA RENEE ASSIGNED"
11,2019-12-19,19005254CTMA,"PROSECUTOR:  STEWART, CHELSEA RENEE ASSIGNED"
9,2019-12-19,19005931MMMA,"PROSECUTOR:  STEWART, CHELSEA RENEE ASSIGNED"
13,2019-12-19,19006484MMMO,"PROSECUTOR:  STEWART, CHELSEA RENEE ASSIGNED"
0,2019-12-19,19007193MMMA,EP - NO INFORMATION ASA CHELSEA STEWART
10,2019-12-20,19007270MMMA,"PROSECUTOR:  STEWART, CHELSEA RENEE ASSIGNED"
123,2019-12-30,19007154MMMA,"PROSECUTOR:  STEWART, CHELSEA RENEE ASSIGNED"
7,2020-01-06,19007324MMMO,"PROSECUTOR:  STEWART, CHELSEA RENEE ASSIGNED"
8,2020-01-06,19007413MMMA,"PROSECUTOR:  STEWART, CHELSEA RENEE ASSIGNED"
5,2020-01-06,19007486MMMA,"PROSECUTOR:  STEWART, CHELSEA RENEE ASSIGNED"
22,2020-01-06,19007601MMMA,"PROSECUTOR:  STEWART, CHELSEA RENEE ASSIGNED"
11,2020-01-06,20000019MMMA,"PROSECUTOR:  STEWART, CHELSEA RENEE ASSIGNED"
8,2020-01-07,19006423MMMA,"PROSECUTOR:  STEWART, CHELSEA RENEE ASSIGNED"
9,2020-01-08,19006912MMMA,"PROSECUTOR:  STEWART, CHELSEA RENEE ASSIGNED"
9,2020-01-08,19007421MMMA,"PROSECUTOR:  STEWART, CHELSEA RENEE ASSIGNED"
10,2020-01-08,19007422MMMA,"PROSECUTOR:  STEWART, CHELSEA RENEE ASSIGNED"
11,2020-01-08,19007465MMMA,"PROSECUTOR:  STEWART, CHELSEA RENEE ASSIGNED"
2,2020-01-09,19005254CTMA,EP - NO INFORMATION ASA CHELSEA STEWART
11,2020-01-10,19006145CTMA,"PROSECUTOR:  STEWART, CHELSEA RENEE ASSIGNED"
14,2020-01-10,19007305MMMA,"PROSECUTOR:  STEWART, CHELSEA RENEE ASSIGNED"
7,2020-01-10,20000093MMMA,"PROSECUTOR:  STEWART, CHELSEA RENEE ASSIGNED"
1,2020-01-13,19001826CTMA,"PROSECUTOR:  STEWART, CHELSEA RENEE ASSIGNED"
1,2020-01-13,19005206CTMA,"PROSECUTOR:  STEWART, CHELSEA RENEE ASSIGNED"
8,2020-01-14,19003831MMMO,"PROSECUTOR:  STEWART, CHELSEA RENEE ASSIGNED"
1,2020-01-15,19005856CTMA,"PROSECUTOR:  STEWART, CHELSEA RENEE ASSIGNED"
1,2020-01-15,19005868CTMA,"PROSECUTOR:  STEWART, CHELSEA RENEE ASSIGNED"
20,2020-01-15,19007073MMMA,"PROSECUTOR:  STEWART, CHELSEA RENEE ASSIGNED"
51,2020-01-15,20000074MMMA,"PROSECUTOR:  STEWART, CHELSEA RENEE ASSIGNED"
10,2020-01-17,19002801MMMA,"PROSECUTOR:  STEWART, CHELSEA RENEE ASSIGNED"
1,2020-01-17,19003739CTMA,"PROSECUTOR:  STEWART, CHELSEA RENEE ASSIGNED"
1,2020-01-17,19005576CTMA,"PROSECUTOR:  STEWART, CHELSEA RENEE ASSIGNED"
11,2020-01-17,19007560MMMA,"PROSECUTOR:  STEWART, CHELSEA RENEE ASSIGNED"
13,2020-01-17,20000023CTMA,"PROSECUTOR:  STEWART, CHELSEA RENEE ASSIGNED"
1,2020-01-22,19001492CTMA,"PROSECUTOR:  STEWART, CHELSEA RENEE ASSIGNED"
1,2020-01-22,19005675MMMA,EP - NO INFORMATION ASA CHELSEA STEWART
4,2020-01-23,19000067MMMO,"PROSECUTOR:  STEWART, CHELSEA RENEE ASSIGNED"
1,2020-01-23,19004998CTMA,"PROSECUTOR:  STEWART, CHELSEA RENEE ASSIGNED"
7,2020-01-30,19001248CTMA,"PROSECUTOR:  STEWART, CHELSEA RENEE ASSIGNED"
12,2020-02-03,20000341MMMA,"PROSECUTOR:  STEWART, CHELSEA RENEE ASSIGNED"
7,2020-02-03,20000346MMMO,"PROSECUTOR:  STEWART, CHELSEA RENEE ASSIGNED"
7,2020-02-03,20000442MMMA,"PROSECUTOR:  STEWART, CHELSEA RENEE ASSIGNED"
7,2020-02-03,20000495MMMA,"PROSECUTOR:  STEWART, CHELSEA RENEE ASSIGNED"
1,2020-02-04,19000218MMMA,"PROSECUTOR:  STEWART, CHELSEA RENEE ASSIGNED"
1,2020-02-04,19003519CTMA,"PROSECUTOR:  STEWART, CHELSEA RENEE ASSIGNED"
1,2020-02-04,20000080CTMA,"PROSECUTOR:  STEWART, CHELSEA RENEE ASSIGNED"
1,2020-02-04,20000298CTMA,"PROSECUTOR:  STEWART, CHELSEA RENEE ASSIGNED"
0,2020-02-05,19005111MMMA,"PROSECUTOR:  STEWART, CHELSEA RENEE ASSIGNED"
16,2020-02-05,20000237MMMA,"PROSECUTOR:  STEWART, CHELSEA RENEE ASSIGNED"
4,2020-02-07,17003762CTMA,NO INFORMATION BY ASA CHELSEA STEWART
6,2020-02-07,17003762CTMA,"PROSECUTOR:  STEWART, CHELSEA RENEE ASSIGNED"
3,2020-02-07,18005630MMMA,NO INFORMATION BY ASA CHELSEA STEWART
6,2020-02-07,18005630MMMA,"PROSECUTOR:  STEWART, CHELSEA RENEE ASSIGNED"
14,2020-02-07,20000374MMMA,"PROSECUTOR:  STEWART, CHELSEA RENEE ASSIGNED"
1,2020-02-10,18003639CTMA,"PROSECUTOR:  STEWART, CHELSEA RENEE ASSIGNED"
10,2020-02-10,20000445MMMA,"PROSECUTOR:  STEWART, CHELSEA RENEE ASSIGNED"
7,2020-02-10,20000593MMMO,"PROSECUTOR:  STEWART, CHELSEA RENEE ASSIGNED"
12,2020-02-12,11003067MOMS,"PROSECUTOR:  STEWART, CHELSEA RENEE ASSIGNED"
5,2020-02-12,20000601MMMA,"PROSECUTOR:  STEWART, CHELSEA RENEE ASSIGNED"
11,2020-02-12,20000604MMMA,"PROSECUTOR:  STEWART, CHELSEA RENEE ASSIGNED"
9,2020-02-14,19007300MMMA,"PROSECUTOR:  STEWART, CHELSEA RENEE ASSIGNED"
7,2020-02-14,20000509MMMA,"PROSECUTOR:  STEWART, CHELSEA RENEE ASSIGNED"
13,2020-02-14,20000560MMMA,"PROSECUTOR:  STEWART, CHELSEA RENEE ASSIGNED"
11,2020-02-17,14003414CTMA,"PROSECUTOR:  STEWART, CHELSEA RENEE ASSIGNED"
11,2020-02-17,14003415CTMA,"PROSECUTOR:  STEWART, CHELSEA RENEE ASSIGNED"
1,2020-02-17,20000456CTMA,"PROSECUTOR:  STEWART, CHELSEA RENEE ASSIGNED"
3,2020-02-18,19001417MOMS,NO INFORMATION BY ASA CHELSEA STEWART
6,2020-02-18,19001417MOMS,"PROSECUTOR:  STEWART, CHELSEA RENEE ASSIGNED"
6,2020-02-18,19001727CTMA,NO INFORMATION BY ASA CHELSEA STEWART
7,2020-02-18,19001727CTMA,"PROSECUTOR:  STEWART, CHELSEA RENEE ASSIGNED"
10,2020-02-18,19007249MMMA,"PROSECUTOR:  STEWART, CHELSEA RENEE ASSIGNED"
7,2020-02-18,19007408MMMA,"PROSECUTOR:  STEWART, CHELSEA RENEE ASSIGNED"
6,2020-02-19,15003249MMMA,EP - NO INFORMATION ASA CHELSEA STEWART
7,2020-02-19,15003249MMMA,"PROSECUTOR:  STEWART, CHELSEA RENEE ASSIGNED"
6,2020-02-19,15003253MOMS,EP - NO INFORMATION ASA CHELSEA STEWART
7,2020-02-19,15003253MOMS,"PROSECUTOR:  STEWART, CHELSEA RENEE ASSIGNED"
9,2020-02-19,15003549CTMA,"PROSECUTOR:  STEWART, CHELSEA RENEE ASSIGNED"
1,2020-02-19,19002898CTMA,"PROSECUTOR:  STEWART, CHELSEA RENEE ASSIGNED"
5,2020-02-20,19005800CTMA,"PROSECUTOR:  STEWART, CHELSEA RENEE ASSIGNED"
10,2020-02-20,19005801CTMA,"PROSECUTOR:  STEWART, CHELSEA RENEE ASSIGNED"
25,2020-02-20,20000090MMMA,"PROSECUTOR:  STEWART, CHELSEA RENEE ASSIGNED"
10,2020-02-21,19005469MMMA,"PROSECUTOR:  STEWART, CHELSEA RENEE ASSIGNED"
6,2020-02-21,19006057MMMA,"PROSECUTOR:  STEWART, CHELSEA RENEE ASSIGNED"
5,2020-02-27,19003119MMMA,"PROSECUTOR:  STEWART, CHELSEA RENEE ASSIGNED"
1,2020-02-27,19005896MMMO,"PROSECUTOR:  STEWART, CHELSEA RENEE ASSIGNED"
0,2020-02-27,19007408MMMA,EP - NO INFORMATION ASA CHELSEA STEWART
1,2020-02-27,20000094CTMA,"PROSECUTOR:  STEWART, CHELSEA RENEE ASSIGNED"
1,2020-02-27,20000445MMMA,EP - NO INFORMATION ASA CHELSEA STEWART
14,2020-02-28,20000814MMMA,"PROSECUTOR:  STEWART, CHELSEA RENEE ASSIGNED"
0,2020-03-02,19005285MMMA,"PROSECUTOR:  STEWART, CHELSEA RENEE ASSIGNED"
0,2020-03-02,20000509MMMA,EP - NO INFORMATION ASA CHELSEA STEWART
31,2020-03-03,19002644MMMA,"PROSECUTOR:  STEWART, CHELSEA RENEE ASSIGNED"
12,2020-03-03,19002923MMMA,"PROSECUTOR:  STEWART, CHELSEA RENEE ASSIGNED"
8,2020-03-03,19005173MMMA,"PROSECUTOR:  STEWART, CHELSEA RENEE ASSIGNED"
7,2020-03-03,19007298MMMA,"PROSECUTOR:  STEWART, CHELSEA RENEE ASSIGNED"
10,2020-03-04,19003007MMMA,"PROSECUTOR:  STEWART, CHELSEA RENEE ASSIGNED"
8,2020-03-04,19006631MMMA,"PROSECUTOR:  STEWART, CHELSEA RENEE ASSIGNED"
16,2020-03-04,20000810CTMA,"PROSECUTOR:  STEWART, CHELSEA RENEE ASSIGNED"
6,2020-03-06,20000920CTMA,"PROSECUTOR:  STEWART, CHELSEA RENEE ASSIGNED"
26,2020-03-09,18006821MMMO,"PROSECUTOR:  STEWART, CHELSEA RENEE ASSIGNED"
1,2020-03-09,19004624CTMA,"PROSECUTOR:  STEWART, CHELSEA RENEE ASSIGNED"
13,2020-03-09,19005619CTMA,"PROSECUTOR:  STEWART, CHELSEA RENEE ASSIGNED"
8,2020-03-09,20000781MMMO,"PROSECUTOR:  STEWART, CHELSEA RENEE ASSIGNED"
7,2020-03-09,20000890MMMO,"PROSECUTOR:  STEWART, CHELSEA RENEE ASSIGNED"
1,2020-03-11,19003007MMMA,EP - NO INFORMATION ASA CHELSEA STEWART
7,2020-03-11,20001000MMMA,"PROSECUTOR:  STEWART, CHELSEA RENEE ASSIGNED"
11,2020-03-11,20001032MMMO,"PROSECUTOR:  STEWART, CHELSEA RENEE ASSIGNED"
8,2020-03-11,20001037MMMO,"PROSECUTOR:  STEWART, CHELSEA RENEE ASSIGNED"
9,2020-03-11,20001088MMMA,"PROSECUTOR:  STEWART, CHELSEA RENEE ASSIGNED"
13,2020-03-11,20001091MMMO,"PROSECUTOR:  STEWART, CHELSEA RENEE ASSIGNED"
8,2020-03-11,20001104MMMO,"PROSECUTOR:  STEWART, CHELSEA RENEE ASSIGNED"
8,2020-03-12,19004859MMMA,"PROSECUTOR:  STEWART, CHELSEA RENEE ASSIGNED"
11,2020-03-12,19007199MMMO,"PROSECUTOR:  STEWART, CHELSEA RENEE ASSIGNED"
18,2020-03-13,19005349MMMA,"PROSECUTOR:  STEWART, CHELSEA RENEE ASSIGNED"
5,2020-03-13,19006014MMMA,"PROSECUTOR:  STEWART, CHELSEA RENEE ASSIGNED"
10,2020-03-13,20001158MMMO,"PROSECUTOR:  STEWART, CHELSEA RENEE ASSIGNED"
12,2020-03-13,20001159MMMO,"PROSECUTOR:  STEWART, CHELSEA RENEE ASSIGNED"
8,2020-03-16,19007427MMMO,"PROSECUTOR:  STEWART, CHELSEA RENEE ASSIGNED"
1,2020-03-17,19005144CTMA,"PROSECUTOR:  STEWART, CHELSEA RENEE ASSIGNED"
1,2020-03-17,19005483CTMA,"PROSECUTOR:  STEWART, CHELSEA RENEE ASSIGNED"
1,2020-03-17,20000746CTMA,"PROSECUTOR:  STEWART, CHELSEA RENEE ASSIGNED"
5,2020-03-18,19002085MOMS,"PROSECUTOR:  STEWART, CHELSEA RENEE ASSIGNED"
1,2020-03-18,19005913CTMA,"PROSECUTOR:  STEWART, CHELSEA RENEE ASSIGNED"
5,2020-03-18,20000330CTMA,"PROSECUTOR:  STEWART, CHELSEA RENEE ASSIGNED"
0,2020-03-18,20001037MMMO,EP - NO INFORMATION ASA CHELSEA STEWART
0,2020-03-18,20001104MMMO,EP - NO INFORMATION ASA CHELSEA STEWART
9,2020-03-19,20001284MOMS,"PROSECUTOR:  STEWART, CHELSEA RENEE ASSIGNED"
5,2020-03-20,18003514MMMO,"PROSECUTOR:  STEWART, CHELSEA RENEE ASSIGNED"
22,2020-03-24,20001036MMMA,"PROSECUTOR:  STEWART, CHELSEA RENEE ASSIGNED"
0,2020-03-27,19007386MMMA,EP - NO INFORMATION ASA CHELSEA STEWART
9,2020-03-31,19005841CTMA,EP - NO INFORMATION ASA CHELSEA STEWART
0,2020-04-07,20001158MMMO,EP - NO INFORMATION ASA CHELSEA STEWART
7,2020-04-20,20001293MMMO,"PROSECUTOR:  STEWART, CHELSEA RENEE ASSIGNED"
0,2020-04-20,20001353MMMO,EP - NO INFORMATION ASA CHELSEA STEWART
1,2020-04-20,20001353MMMO,"PROSECUTOR:  STEWART, CHELSEA RENEE ASSIGNED"
0,2020-04-20,20001354MOMS,EP - NO INFORMATION ASA CHELSEA STEWART
1,2020-04-20,20001354MOMS,"PROSECUTOR:  STEWART, CHELSEA RENEE ASSIGNED"
16,2020-04-21,19003751CTMA,"PROSECUTOR:  STEWART, CHELSEA RENEE ASSIGNED"
17,2020-04-21,19003752CTMA,"PROSECUTOR:  STEWART, CHELSEA RENEE ASSIGNED"
0,2020-04-22,20001000MMMA,EP - NO INFORMATION ASA CHELSEA STEWART
0,2020-04-22,20001032MMMO,EP - NO INFORMATION ASA CHELSEA STEWART
0,2020-04-22,20001307MOMS,EP - NO INFORMATION ASA CHELSEA STEWART
1,2020-04-22,20001307MOMS,"PROSECUTOR:  STEWART, CHELSEA RENEE ASSIGNED"
0,2020-04-22,20001310MOMS,EP - NO INFORMATION ASA CHELSEA STEWART
1,2020-04-22,20001310MOMS,"PROSECUTOR:  STEWART, CHELSEA RENEE ASSIGNED"
0,2020-04-22,20001322MOMS,EP - NO INFORMATION ASA CHELSEA STEWART
1,2020-04-22,20001322MOMS,"PROSECUTOR:  STEWART, CHELSEA RENEE ASSIGNED"
0,2020-04-22,20001476MOMS,EP - NO INFORMATION ASA CHELSEA STEWART
1,2020-04-22,20001476MOMS,"PROSECUTOR:  STEWART, CHELSEA RENEE ASSIGNED"
0,2020-04-22,20001507MOMS,EP - NO INFORMATION ASA CHELSEA STEWART
1,2020-04-22,20001507MOMS,"PROSECUTOR:  STEWART, CHELSEA RENEE ASSIGNED"
0,2020-04-27,20001340MOMS,EP - NO INFORMATION ASA CHELSEA STEWART
1,2020-04-27,20001340MOMS,"PROSECUTOR:  STEWART, CHELSEA RENEE ASSIGNED"
1,2020-04-28,14003370MMMA,"PROSECUTOR:  STEWART, CHELSEA RENEE ASSIGNED"
0,2020-04-28,18004795MMMA,"PROSECUTOR:  STEWART, CHELSEA RENEE ASSIGNED"
18,2020-04-28,19005211CTMA,"PROSECUTOR:  STEWART, CHELSEA RENEE ASSIGNED"
0,2020-04-28,19006835MMMA,"PROSECUTOR:  STEWART, CHELSEA RENEE ASSIGNED"
0,2020-04-28,20001348MOMS,EP - NO INFORMATION ASA CHELSEA STEWART
1,2020-04-28,20001348MOMS,"PROSECUTOR:  STEWART, CHELSEA RENEE ASSIGNED"
0,2020-04-28,20001358MOMS,EP - NO INFORMATION ASA CHELSEA STEWART
1,2020-04-28,20001358MOMS,"PROSECUTOR:  STEWART, CHELSEA RENEE ASSIGNED"
0,2020-04-28,20001365MOMS,EP - NO INFORMATION ASA CHELSEA STEWART
1,2020-04-28,20001365MOMS,"PROSECUTOR:  STEWART, CHELSEA RENEE ASSIGNED"
9,2020-04-29,19005211CTMA,EP - NO INFORMATION ASA CHELSEA STEWART
5,2020-05-05,15006786MMMA,"PROSECUTOR:  STEWART, CHELSEA RENEE ASSIGNED"
0,2020-05-05,17004601MMMA,"PROSECUTOR:  STEWART, CHELSEA RENEE ASSIGNED"
0,2020-05-05,18000053MMMA,"PROSECUTOR:  STEWART, CHELSEA RENEE ASSIGNED"
0,2020-05-05,18003045MMMA,"PROSECUTOR:  STEWART, CHELSEA RENEE ASSIGNED"
2,2020-05-05,18003616CTMA,"PROSECUTOR:  STEWART, CHELSEA RENEE ASSIGNED"
2,2020-05-05,18004221CTMA,"PROSECUTOR:  STEWART, CHELSEA RENEE ASSIGNED"
0,2020-05-05,18005136MMMA,"PROSECUTOR:  STEWART, CHELSEA RENEE ASSIGNED"
0,2020-05-05,18005374MMMA,"PROSECUTOR:  STEWART, CHELSEA RENEE ASSIGNED"
0,2020-05-05,18006704MMMA,"PROSECUTOR:  STEWART, CHELSEA RENEE ASSIGNED"
0,2020-05-05,18007362MMMA,"PROSECUTOR:  STEWART, CHELSEA RENEE ASSIGNED"
0,2020-05-05,18007464MMMA,"PROSECUTOR:  STEWART, CHELSEA RENEE ASSIGNED"
0,2020-05-05,19000695MMMA,"PROSECUTOR:  STEWART, CHELSEA RENEE ASSIGNED"
0,2020-05-05,19000989MMMA,"PROSECUTOR:  STEWART, CHELSEA RENEE ASSIGNED"
0,2020-05-05,19003589MMMA,"PROSECUTOR:  STEWART, CHELSEA RENEE ASSIGNED"
0,2020-05-05,20001331MMMA,EP - NO INFORMATION ASA CHELSEA STEWART
1,2020-05-05,20001331MMMA,"PROSECUTOR:  STEWART, CHELSEA RENEE ASSIGNED"
1,2020-05-05,20001411CTMA,"PROSECUTOR:  STEWART, CHELSEA RENEE ASSIGNED"
0,2020-05-05,20001469MOMS,EP - NO INFORMATION ASA CHELSEA STEWART
1,2020-05-05,20001469MOMS,"PROSECUTOR:  STEWART, CHELSEA RENEE ASSIGNED"
0,2020-05-05,20001483MMMA,EP - NO INFORMATION ASA CHELSEA STEWART
1,2020-05-05,20001483MMMA,"PROSECUTOR:  STEWART, CHELSEA RENEE ASSIGNED"
0,2020-05-05,20001484MOMS,EP - NO INFORMATION ASA CHELSEA STEWART
1,2020-05-05,20001484MOMS,"PROSECUTOR:  STEWART, CHELSEA RENEE ASSIGNED"
0,2020-05-05,20001487MMMA,EP - NO INFORMATION ASA CHELSEA STEWART
1,2020-05-05,20001487MMMA,"PROSECUTOR:  STEWART, CHELSEA RENEE ASSIGNED"
0,2020-05-05,20001488MOMS,EP - NO INFORMATION ASA CHELSEA STEWART
1,2020-05-05,20001488MOMS,"PROSECUTOR:  STEWART, CHELSEA RENEE ASSIGNED"
0,2020-05-05,20001494MMMA,EP - NO INFORMATION ASA CHELSEA STEWART
1,2020-05-05,20001494MMMA,"PROSECUTOR:  STEWART, CHELSEA RENEE ASSIGNED"
0,2020-05-05,20001495MOMS,EP - NO INFORMATION ASA CHELSEA STEWART
1,2020-05-05,20001495MOMS,"PROSECUTOR:  STEWART, CHELSEA RENEE ASSIGNED"
10,2020-05-06,19007597MMMA,"PROSECUTOR:  STEWART, CHELSEA RENEE ASSIGNED"
6,2020-05-11,19001814MMMA,"PROSECUTOR:  STEWART, CHELSEA RENEE ASSIGNED"
0,2020-05-11,20001333MOMS,EP - NO INFORMATION ASA CHELSEA STEWART
1,2020-05-11,20001333MOMS,"PROSECUTOR:  STEWART, CHELSEA RENEE ASSIGNED"
0,2020-05-11,20001486MOMS,EP - NO INFORMATION ASA CHELSEA STEWART
1,2020-05-11,20001486MOMS,"PROSECUTOR:  STEWART, CHELSEA RENEE ASSIGNED"
1,2020-05-12,20000635CTMA,"PROSECUTOR:  STEWART, CHELSEA RENEE ASSIGNED"
0,2020-05-12,20001481MMMA,EP - NO INFORMATION ASA CHELSEA STEWART
1,2020-05-12,20001481MMMA,"PROSECUTOR:  STEWART, CHELSEA RENEE ASSIGNED"
0,2020-05-12,20001482MOMS,EP - NO INFORMATION ASA CHELSEA STEWART
1,2020-05-12,20001482MOMS,"PROSECUTOR:  STEWART, CHELSEA RENEE ASSIGNED"
8,2020-05-13,20001626MMMA,"PROSECUTOR:  STEWART, CHELSEA RENEE ASSIGNED"
5,2020-05-19,19003356MMMO,"PROSECUTOR:  STEWART, CHELSEA RENEE ASSIGNED"
1,2020-05-19,20002056MMMA,"PROSECUTOR:  STEWART, CHELSEA RENEE ASSIGNED"
10,2020-05-20,20001029MMMA,"PROSECUTOR:  STEWART, CHELSEA RENEE ASSIGNED"
12,2020-05-20,20001183CTMA,"PROSECUTOR:  STEWART, CHELSEA RENEE ASSIGNED"
20,2020-05-27,20001969MMMA,"PROSECUTOR:  STEWART, CHELSEA RENEE ASSIGNED"
8,2020-05-28,20001622MMMA,"PROSECUTOR:  STEWART, CHELSEA RENEE ASSIGNED"
28,2020-05-29,20002211CTMA,"PROSECUTOR:  STEWART, CHELSEA RENEE ASSIGNED"
1,2020-05-29,20002292MMMA,EP - NO INFORMATION ASA CHELSEA STEWART
12,2020-05-29,20002292MMMA,"PROSECUTOR:  STEWART, CHELSEA RENEE ASSIGNED"
6,2020-05-29,20002343MMMO,"PROSECUTOR:  STEWART, CHELSEA RENEE ASSIGNED"
6,2020-05-29,20002344MMMO,"PROSECUTOR:  STEWART, CHELSEA RENEE ASSIGNED"
14,2020-06-02,20000096MMMA,"PROSECUTOR:  STEWART, CHELSEA RENEE ASSIGNED"
4,2020-06-04,20001183CTMA,EP - NO INFORMATION ASA CHELSEA STEWART
0,2020-06-04,20002344MMMO,EP - NO INFORMATION ASA CHELSEA STEWART
11,2020-06-05,20002558MMMA,"PROSECUTOR:  STEWART, CHELSEA RENEE ASSIGNED"
1,2020-06-08,20000236CTMA,"PROSECUTOR:  STEWART, CHELSEA RENEE ASSIGNED"
1,2020-06-08,20002052MMMA,EP - NO INFORMATION ASA CHELSEA STEWART
2,2020-06-08,20002052MMMA,"PROSECUTOR:  STEWART, CHELSEA RENEE ASSIGNED"
6,2020-06-08,20002086MMMA,"PROSECUTOR:  STEWART, CHELSEA RENEE ASSIGNED"
5,2020-06-08,20002614MMMO,"PROSECUTOR:  STEWART, CHELSEA RENEE ASSIGNED"
0,2020-06-09,20002086MMMA,EP - NO INFORMATION ASA CHELSEA STEWART
0,2020-06-09,20002343MMMO,EP - NO INFORMATION ASA CHELSEA STEWART
5,2020-06-10,20002613MMMO,"PROSECUTOR:  STEWART, CHELSEA RENEE ASSIGNED"
1,2020-06-10,20002623MMMO,EP - NO INFORMATION ASA CHELSEA STEWART
7,2020-06-10,20002623MMMO,"PROSECUTOR:  STEWART, CHELSEA RENEE ASSIGNED"
11,2020-06-12,19007600MMMA,"PROSECUTOR:  STEWART, CHELSEA RENEE ASSIGNED"
0,2020-06-15,20002614MMMO,EP - NO INFORMATION ASA CHELSEA STEWART
7,2020-06-15,20002641MMMO,"PROSECUTOR:  STEWART, CHELSEA RENEE ASSIGNED"
6,2020-06-15,20002642MMMO,"PROSECUTOR:  STEWART, CHELSEA RENEE ASSIGNED"
0,2020-06-16,19000807MMMA,"PROSECUTOR:  STEWART, CHELSEA RENEE ASSIGNED"
0,2020-06-16,19005349MMMA,EP - NO INFORMATION ASA CHELSEA STEWART
6,2020-06-17,19005021MMMA,EP - NO INFORMATION ASA CHELSEA STEWART
13,2020-06-17,19005021MMMA,"PROSECUTOR:  STEWART, CHELSEA RENEE ASSIGNED"
17,2020-06-18,15001722CTMA,"PROSECUTOR:  STEWART, CHELSEA RENEE ASSIGNED"
1,2020-06-18,20002517MMMA,EP - NO INFORMATION ASA CHELSEA STEWART
11,2020-06-18,20002517MMMA,"PROSECUTOR:  STEWART, CHELSEA RENEE ASSIGNED"
8,2020-06-18,20002571MMMA,"PROSECUTOR:  STEWART, CHELSEA RENEE ASSIGNED"
6,2020-06-18,20002711MMMO,"PROSECUTOR:  STEWART, CHELSEA RENEE ASSIGNED"
9,2020-06-22,20002539MMMA,"PROSECUTOR:  STEWART, CHELSEA RENEE ASSIGNED"
10,2020-06-23,20002755MMMA,"PROSECUTOR:  STEWART, CHELSEA RENEE ASSIGNED"
6,2020-06-24,20002620MMMO,"PROSECUTOR:  STEWART, CHELSEA RENEE ASSIGNED"
1,2020-06-25,20001556CTMA,"PROSECUTOR:  STEWART, CHELSEA RENEE ASSIGNED"
1,2020-06-25,20001820CTMA,"PROSECUTOR:  STEWART, CHELSEA RENEE ASSIGNED"
1,2020-06-25,20002124CTMA,"PROSECUTOR:  STEWART, CHELSEA RENEE ASSIGNED"
1,2020-06-25,20002320CTMA,"PROSECUTOR:  STEWART, CHELSEA RENEE ASSIGNED"
2,2020-06-25,20002358CTMA,"PROSECUTOR:  STEWART, CHELSEA RENEE ASSIGNED"
1,2020-06-25,20002527CTMA,"PROSECUTOR:  STEWART, CHELSEA RENEE ASSIGNED"
1,2020-06-25,20002619CTMA,"PROSECUTOR:  STEWART, CHELSEA RENEE ASSIGNED"
8,2020-06-25,20002899MMMO,"PROSECUTOR:  STEWART, CHELSEA RENEE ASSIGNED"
11,2020-06-26,20001985MMMA,"PROSECUTOR:  STEWART, CHELSEA RENEE ASSIGNED"
22,2020-06-29,19007441MMMA,"PROSECUTOR:  STEWART, CHELSEA RENEE ASSIGNED"
0,2020-06-30,18002763MMMA,"PROSECUTOR:  STEWART, CHELSEA RENEE ASSIGNED"
0,2020-06-30,19000701MMMA,"PROSECUTOR:  STEWART, CHELSEA RENEE ASSIGNED"
8,2020-07-06,20002815MMMO,"PROSECUTOR:  STEWART, CHELSEA RENEE ASSIGNED"
7,2020-07-06,20002848MMMA,"PROSECUTOR:  STEWART, CHELSEA RENEE ASSIGNED"
10,2020-07-06,20002905MOMS,"PROSECUTOR:  STEWART, CHELSEA RENEE ASSIGNED"
5,2020-07-07,15001722CTMA,EP - NO INFORMATION ASA CHELSEA STEWART
6,2020-07-07,16001981MMMO,EP - NO INFORMATION ASA CHELSEA STEWART
7,2020-07-07,16001981MMMO,"PROSECUTOR:  STEWART, CHELSEA RENEE ASSIGNED"
7,2020-07-07,20001677MMMA,"PROSECUTOR:  STEWART, CHELSEA RENEE ASSIGNED"
0,2020-07-07,20002620MMMO,EP - NO INFORMATION ASA CHELSEA STEWART
0,2020-07-07,20002711MMMO,EP - NO INFORMATION ASA CHELSEA STEWART
1,2020-07-07,20002755MMMA,EP - NO INFORMATION ASA CHELSEA STEWART
1,2020-07-07,20002847MMMA,EP - NO INFORMATION ASA CHELSEA STEWART
2,2020-07-07,20002847MMMA,"PROSECUTOR:  STEWART, CHELSEA RENEE ASSIGNED"
0,2020-07-07,20002899MMMO,EP - NO INFORMATION ASA CHELSEA STEWART
8,2020-07-08,15007764MMMA,EP - NO INFORMATION ASA CHELSEA STEWART
9,2020-07-08,15007764MMMA,"PROSECUTOR:  STEWART, CHELSEA RENEE ASSIGNED"
17,2020-07-08,19003816CTMA,"PROSECUTOR:  STEWART, CHELSEA RENEE ASSIGNED"
0,2020-07-08,20002848MMMA,EP - NO INFORMATION ASA CHELSEA STEWART
62,2020-07-08,20002980MMMA,"PROSECUTOR:  STEWART, CHELSEA RENEE ASSIGNED"
10,2020-07-09,19006935MMMA,"PROSECUTOR:  STEWART, CHELSEA RENEE ASSIGNED"
1,2020-07-09,20001495CTMA,"PROSECUTOR:  STEWART, CHELSEA RENEE ASSIGNED"
12,2020-07-09,20002522MMMA,"PROSECUTOR:  STEWART, CHELSEA RENEE ASSIGNED"
8,2020-07-10,20000613CTMA,"PROSECUTOR:  STEWART, CHELSEA RENEE ASSIGNED"
1,2020-07-13,20002248CTMA,"PROSECUTOR:  STEWART, CHELSEA RENEE ASSIGNED"
7,2020-07-13,20002489MMMA,"PROSECUTOR:  STEWART, CHELSEA RENEE ASSIGNED"
6,2020-07-13,20002546MMMA,"PROSECUTOR:  STEWART, CHELSEA RENEE ASSIGNED"
1,2020-07-14,20001875CTMA,"PROSECUTOR:  STEWART, CHELSEA RENEE ASSIGNED"
1,2020-07-14,20002641MMMO,EP - NO INFORMATION ASA CHELSEA STEWART
0,2020-07-14,20002642MMMO,EP - NO INFORMATION ASA CHELSEA STEWART
0,2020-07-14,20002905MOMS,EP - NO INFORMATION ASA CHELSEA STEWART
7,2020-07-14,20002956MMMA,"PROSECUTOR:  STEWART, CHELSEA RENEE ASSIGNED"
9,2020-07-14,20003008MOMS,"PROSECUTOR:  STEWART, CHELSEA RENEE ASSIGNED"
6,2020-07-15,20002940MMMA,"PROSECUTOR:  STEWART, CHELSEA RENEE ASSIGNED"
1,2020-07-16,20002539MMMA,EP - NO INFORMATION ASA CHELSEA STEWART
1,2020-07-16,20002620CTMA,"PROSECUTOR:  STEWART, CHELSEA RENEE ASSIGNED"
6,2020-07-17,20002632MMMO,"PROSECUTOR:  STEWART, CHELSEA RENEE ASSIGNED"
11,2020-07-17,20003128CTMA,"PROSECUTOR:  STEWART, CHELSEA RENEE ASSIGNED"
1,2020-07-20,20001753CTMA,"PROSECUTOR:  STEWART, CHELSEA RENEE ASSIGNED"
4,2020-07-20,20002865MMMO,"PROSECUTOR:  STEWART, CHELSEA RENEE ASSIGNED"
4,2020-07-20,20002866MMMO,"PROSECUTOR:  STEWART, CHELSEA RENEE ASSIGNED"
10,2020-07-20,20002967CTMA,"PROSECUTOR:  STEWART, CHELSEA RENEE ASSIGNED"
1,2020-07-21,19005660CTMA,"PROSECUTOR:  STEWART, CHELSEA RENEE ASSIGNED"
6,2020-07-21,19007601MMMA,EP - NO INFORMATION ASA CHELSEA STEWART
0,2020-07-21,20002613MMMO,EP - NO INFORMATION ASA CHELSEA STEWART
0,2020-07-21,20002632MMMO,EP - NO INFORMATION ASA CHELSEA STEWART
8,2020-07-21,20002894MMMO,"PROSECUTOR:  STEWART, CHELSEA RENEE ASSIGNED"
0,2020-07-21,20002940MMMA,EP - NO INFORMATION ASA CHELSEA STEWART
3,2020-07-22,20002967CTMA,EP - NO INFORMATION ASA CHELSEA STEWART
8,2020-07-22,20003040MMMA,"PROSECUTOR:  STEWART, CHELSEA RENEE ASSIGNED"
11,2020-07-22,20003360MMMA,"PROSECUTOR:  STEWART, CHELSEA RENEE ASSIGNED"
2,2020-07-23,18001437MMMA,NO INFORMATION BY ASA CHELSEA STEWART
4,2020-07-23,18001437MMMA,"PROSECUTOR:  STEWART, CHELSEA RENEE ASSIGNED"
15,2020-07-23,20003184MMMA,"PROSECUTOR:  STEWART, CHELSEA RENEE ASSIGNED"
17,2020-07-23,20003268CTMA,"PROSECUTOR:  STEWART, CHELSEA RENEE ASSIGNED"
3,2020-07-24,18003028CTMA,"PROSECUTOR:  STEWART, CHELSEA RENEE ASSIGNED"
11,2020-07-24,20003409MMMA,"PROSECUTOR:  STEWART, CHELSEA RENEE ASSIGNED"
7,2020-07-27,19005665MMMA,EP - NOLLE PROSEQUI ASA CHELSEA STEWART
8,2020-07-27,19005665MMMA,"PROSECUTOR:  STEWART, CHELSEA RENEE ASSIGNED"
1,2020-07-27,20001046CTMA,"PROSECUTOR:  STEWART, CHELSEA RENEE ASSIGNED"
8,2020-07-27,20001371MMMA,"PROSECUTOR:  STEWART, CHELSEA RENEE ASSIGNED"
13,2020-07-27,20002863MMMA,"PROSECUTOR:  STEWART, CHELSEA RENEE ASSIGNED"
8,2020-07-28,20001444CTMA,"PROSECUTOR:  STEWART, CHELSEA RENEE ASSIGNED"
13,2020-07-28,20001505MMMA,"PROSECUTOR:  STEWART, CHELSEA RENEE ASSIGNED"
16,2020-07-28,20001602MMMA,"PROSECUTOR:  STEWART, CHELSEA RENEE ASSIGNED"
11,2020-07-28,20002918MMMA,"PROSECUTOR:  STEWART, CHELSEA RENEE ASSIGNED"
10,2020-07-28,20003176CTMA,"PROSECUTOR:  STEWART, CHELSEA RENEE ASSIGNED"
0,2020-07-29,20002956MMMA,EP - NO INFORMATION ASA CHELSEA STEWART
1,2020-07-29,20003040MMMA,EP - NO INFORMATION ASA CHELSEA STEWART
6,2020-07-29,20003322MMMA,"PROSECUTOR:  STEWART, CHELSEA RENEE ASSIGNED"
38,2020-07-29,20003357CTMA,"PROSECUTOR:  STEWART, CHELSEA RENEE ASSIGNED"
28,2020-07-29,20003408MMMA,"PROSECUTOR:  STEWART, CHELSEA RENEE ASSIGNED"
182,2020-08-03,19005503MMMA,"PROSECUTOR:  STEWART, CHELSEA RENEE ASSIGNED"
183,2020-08-03,19005503MMMA,"PROSECUTOR:  STEWART, CHELSEA RENEE ASSIGNED"
185,2020-08-03,19005503MMMA,"PROSECUTOR:  STEWART, CHELSEA RENEE ASSIGNED"
7,2020-08-03,20002367CTMA,"PROSECUTOR:  STEWART, CHELSEA RENEE ASSIGNED"
5,2020-08-03,20002900MMMO,"PROSECUTOR:  STEWART, CHELSEA RENEE ASSIGNED"
6,2020-08-04,20003518MOMS,"PROSECUTOR:  STEWART, CHELSEA RENEE ASSIGNED"
3,2020-08-05,20003128CTMA,EP - NO INFORMATION ASA CHELSEA STEWART
3,2020-08-05,20003176CTMA,EP - NO INFORMATION ASA CHELSEA STEWART
1,2020-08-06,20001066CTMA,"PROSECUTOR:  STEWART, CHELSEA RENEE ASSIGNED"
0,2020-08-06,20002900MMMO,EP - NO INFORMATION ASA CHELSEA STEWART
6,2020-08-07,18003494MMMA,EP - NO INFORMATION ASA CHELSEA STEWART
7,2020-08-07,18003494MMMA,"PROSECUTOR:  STEWART, CHELSEA RENEE ASSIGNED"
15,2020-08-07,20001977MMMA,"PROSECUTOR:  STEWART, CHELSEA RENEE ASSIGNED"
12,2020-08-07,20003485CTMA,"PROSECUTOR:  STEWART, CHELSEA RENEE ASSIGNED"
11,2020-08-11,20003206CTMA,"PROSECUTOR:  STEWART, CHELSEA RENEE ASSIGNED"
4,2020-08-13,20003206CTMA,EP - NO INFORMATION ASA CHELSEA STEWART
0,2020-08-13,20003322MMMA,EP - NO INFORMATION ASA CHELSEA STEWART
1,2020-08-14,20001319CTMA,"PROSECUTOR:  STEWART, CHELSEA RENEE ASSIGNED"
5,2020-08-17,20003613MMMA,"PROSECUTOR:  STEWART, CHELSEA RENEE ASSIGNED"
5,2020-08-20,19003816CTMA,EP - NO INFORMATION ASA CHELSEA STEWART
6,2020-08-21,20003607MMMA,"PROSECUTOR:  STEWART, CHELSEA RENEE ASSIGNED"
18,2020-08-21,20003676MMMA,"PROSECUTOR:  STEWART, CHELSEA RENEE ASSIGNED"
2,2020-08-24,20003485CTMA,EP - NO INFORMATION ASA CHELSEA STEWART
13,2020-08-24,20003677MMMA,"PROSECUTOR:  STEWART, CHELSEA RENEE ASSIGNED"
8,2020-08-25,20003650MMMA,"PROSECUTOR:  STEWART, CHELSEA RENEE ASSIGNED"
12,2020-08-25,20003830MMMO,"PROSECUTOR:  STEWART, CHELSEA RENEE ASSIGNED"
12,2020-08-25,20003869MMMA,"PROSECUTOR:  STEWART, CHELSEA RENEE ASSIGNED"
1,2020-08-26,20002566CTMA,"PROSECUTOR:  STEWART, CHELSEA RENEE ASSIGNED"
40,2020-08-27,20003944MMMA,"PROSECUTOR:  STEWART, CHELSEA RENEE ASSIGNED"
9,2020-08-28,20003267CTMA,"PROSECUTOR:  STEWART, CHELSEA RENEE ASSIGNED"
10,2020-08-31,20003645CTMA,"PROSECUTOR:  STEWART, CHELSEA RENEE ASSIGNED"
3,2020-08-31,20003681MMMA,"PROSECUTOR:  STEWART, CHELSEA RENEE ASSIGNED"
21,2020-09-02,20002057MMMO,"PROSECUTOR:  STEWART, CHELSEA RENEE ASSIGNED"
1,2020-09-03,20002685CTMA,"PROSECUTOR:  STEWART, CHELSEA RENEE ASSIGNED"
2,2020-09-03,20003267CTMA,EP - NO INFORMATION ASA CHELSEA STEWART
0,2020-09-04,20003607MMMA,EP - NO INFORMATION ASA CHELSEA STEWART
6,2020-09-08,20004080MMMA,"PROSECUTOR:  STEWART, CHELSEA RENEE ASSIGNED"
9,2020-09-08,20004160MMMA,"PROSECUTOR:  STEWART, CHELSEA RENEE ASSIGNED"
9,2020-09-08,20004161MMMA,"PROSECUTOR:  STEWART, CHELSEA RENEE ASSIGNED"
1,2020-09-09,20001570CTMA,"PROSECUTOR:  STEWART, CHELSEA RENEE ASSIGNED"
6,2020-09-09,20004010MMMO,"PROSECUTOR:  STEWART, CHELSEA RENEE ASSIGNED"
1,2020-09-11,20000765CTMA,"PROSECUTOR:  STEWART, CHELSEA RENEE ASSIGNED"
2,2020-09-11,20001267MMMA,"PROSECUTOR:  STEWART, CHELSEA RENEE ASSIGNED"
7,2020-09-14,18001958MMMO,EP - NO INFORMATION ASA CHELSEA STEWART
5,2020-09-14,20001116MMMA,"PROSECUTOR:  STEWART, CHELSEA RENEE ASSIGNED"
9,2020-09-14,20001240MMMA,"PROSECUTOR:  STEWART, CHELSEA RENEE ASSIGNED"
9,2020-09-14,20001410CTMA,"PROSECUTOR:  STEWART, CHELSEA RENEE ASSIGNED"
1,2020-09-14,20001715MMMA,"PROSECUTOR:  STEWART, CHELSEA RENEE ASSIGNED"
11,2020-09-14,20003073MMMA,"PROSECUTOR:  STEWART, CHELSEA RENEE ASSIGNED"
1,2020-09-14,20004160MMMA,EP - NO INFORMATION ASA CHELSEA STEWART
1,2020-09-14,20004161MMMA,EP - NO INFORMATION ASA CHELSEA STEWART
5,2020-09-18,20004131MMMA,"PROSECUTOR:  STEWART, CHELSEA RENEE ASSIGNED"
17,2020-09-21,20002515MMMA,"PROSECUTOR:  STEWART, CHELSEA RENEE ASSIGNED"
9,2020-09-21,20003863MMMA,"PROSECUTOR:  STEWART, CHELSEA RENEE ASSIGNED"
8,2020-09-21,20004050MMMA,"PROSECUTOR:  STEWART, CHELSEA RENEE ASSIGNED"
0,2020-09-22,20001116MMMA,EP - NO INFORMATION ASA CHELSEA STEWART
51,2020-09-23,20003346CTMA,"PROSECUTOR:  STEWART, CHELSEA RENEE ASSIGNED"
27,2020-09-23,20004166MMMA,"PROSECUTOR:  STEWART, CHELSEA RENEE ASSIGNED"
34,2020-09-23,20004246MMMA,"PROSECUTOR:  STEWART, CHELSEA RENEE ASSIGNED"
7,2020-09-24,18002725MMMO,EP - NO INFORMATION ASA CHELSEA STEWART
9,2020-09-24,20000517MMMA,"PROSECUTOR:  STEWART, CHELSEA RENEE ASSIGNED"
11,2020-09-24,20002721MMMA,"PROSECUTOR:  STEWART, CHELSEA RENEE ASSIGNED"
21,2020-09-24,20002977MMMA,"PROSECUTOR:  STEWART, CHELSEA RENEE ASSIGNED"
3,2020-09-24,20003645CTMA,EP - NO INFORMATION ASA CHELSEA STEWART
11,2020-09-25,20003250CTMA,"PROSECUTOR:  STEWART, CHELSEA RENEE ASSIGNED"
6,2020-09-25,20004169MMMA,"PROSECUTOR:  STEWART, CHELSEA RENEE ASSIGNED"
8,2020-09-25,20004386MMMA,"PROSECUTOR:  STEWART, CHELSEA RENEE ASSIGNED"
7,2020-09-29,20003842MMMO,"PROSECUTOR:  STEWART, CHELSEA RENEE ASSIGNED"
23,2020-09-29,20004401MMMA,"PROSECUTOR:  STEWART, CHELSEA RENEE ASSIGNED"
4,2020-09-30,18006821MMMO,NO INFORMATION BY ASA CHELSEA STEWART
2,2020-09-30,18006822MOMS,NO INFORMATION BY ASA CHELSEA STEWART
3,2020-09-30,18006822MOMS,"PROSECUTOR:  STEWART, CHELSEA RENEE ASSIGNED"
11,2020-09-30,20001752MMMA,"PROSECUTOR:  STEWART, CHELSEA RENEE ASSIGNED"
0,2020-09-30,20004086MMMA,EP - NO INFORMATION ASA CHELSEA STEWART
1,2020-09-30,20004086MMMA,"PROSECUTOR:  STEWART, CHELSEA RENEE ASSIGNED"
0,2020-09-30,20004131MMMA,EP - NO INFORMATION ASA CHELSEA STEWART
10,2020-09-30,20004475MMMO,"PROSECUTOR:  STEWART, CHELSEA RENEE ASSIGNED"
6,2020-10-01,14002589MMMA,"PROSECUTOR:  STEWART, CHELSEA RENEE ASSIGNED"
0,2020-10-01,20003008MOMS,EP - NO INFORMATION ASA CHELSEA STEWART
5,2020-10-01,20003904MMMO,"PROSECUTOR:  STEWART, CHELSEA RENEE ASSIGNED"
11,2020-10-02,20004232CTMA,"PROSECUTOR:  STEWART, CHELSEA RENEE ASSIGNED"
0,2020-10-06,20002815MMMO,EP - NO INFORMATION ASA CHELSEA STEWART
5,2020-10-07,15003042MMMO,"PROSECUTOR:  STEWART, CHELSEA RENEE ASSIGNED"
8,2020-10-08,20004505MMMO,"PROSECUTOR:  STEWART, CHELSEA RENEE ASSIGNED"
6,2020-10-08,20004567MMMO,"PROSECUTOR:  STEWART, CHELSEA RENEE ASSIGNED"
4,2020-10-09,19001431CTMA,EP - NO INFORMATION ASA CHELSEA STEWART
11,2020-10-12,20003371MMMA,"PROSECUTOR:  STEWART, CHELSEA RENEE ASSIGNED"
8,2020-10-12,20004402MMMO,"PROSECUTOR:  STEWART, CHELSEA RENEE ASSIGNED"
1,2020-10-13,20001017CTMA,"PROSECUTOR:  STEWART, CHELSEA RENEE ASSIGNED"
1,2020-10-13,20001355CTMA,"PROSECUTOR:  STEWART, CHELSEA RENEE ASSIGNED"
14,2020-10-14,18001196CTMA,"PROSECUTOR:  STEWART, CHELSEA RENEE ASSIGNED"
2,2020-10-14,20000090MMMA,EP - NO INFORMATION ASA CHELSEA STEWART
2,2020-10-15,19004125CTMA,"PROSECUTOR:  STEWART, CHELSEA RENEE ASSIGNED"
1,2020-10-15,20000075CTMA,"PROSECUTOR:  STEWART, CHELSEA RENEE ASSIGNED"
3,2020-10-15,20003250CTMA,EP - NO INFORMATION ASA CHELSEA STEWART
1,2020-10-15,20004560CTMA,"PROSECUTOR:  STEWART, CHELSEA RENEE ASSIGNED"
12,2020-10-16,20003647CTMA,"PROSECUTOR:  STEWART, CHELSEA RENEE ASSIGNED"
5,2020-10-16,20004446MMMO,"PROSECUTOR:  STEWART, CHELSEA RENEE ASSIGNED"
8,2020-10-19,20003304MMMA,"PROSECUTOR:  STEWART, CHELSEA RENEE ASSIGNED"
13,2020-10-19,20004885MMMA,"PROSECUTOR:  STEWART, CHELSEA RENEE ASSIGNED"
3,2020-10-20,17003116MMMA,EP - NO INFORMATION ASA CHELSEA STEWART
4,2020-10-20,17003116MMMA,"PROSECUTOR:  STEWART, CHELSEA RENEE ASSIGNED"
1,2020-10-20,20001796CTMA,"PROSECUTOR:  STEWART, CHELSEA RENEE ASSIGNED"
9,2020-10-20,20003535MMMO,"PROSECUTOR:  STEWART, CHELSEA RENEE ASSIGNED"
0,2020-10-20,20004446MMMO,EP - NO INFORMATION ASA CHELSEA STEWART
1,2020-10-20,20004756MMMA,"PROSECUTOR:  STEWART, CHELSEA RENEE ASSIGNED"
9,2020-10-21,19006502MMMA,"PROSECUTOR:  STEWART, CHELSEA RENEE ASSIGNED"
4,2020-10-21,20001496MMMA,"PROSECUTOR:  STEWART, CHELSEA RENEE ASSIGNED"
5,2020-10-21,20002221MMMO,"PROSECUTOR:  STEWART, CHELSEA RENEE ASSIGNED"
37,2020-10-21,20003432MMMA,"PROSECUTOR:  STEWART, CHELSEA RENEE ASSIGNED"
8,2020-10-21,20004874MMMO,"PROSECUTOR:  STEWART, CHELSEA RENEE ASSIGNED"
7,2020-10-22,14000905CTMA,"PROSECUTOR:  STEWART, CHELSEA RENEE ASSIGNED"
5,2020-10-22,14002313MMMA,"PROSECUTOR:  STEWART, CHELSEA RENEE ASSIGNED"
5,2020-10-22,14002327MMMA,"PROSECUTOR:  STEWART, CHELSEA RENEE ASSIGNED"
4,2020-10-22,14002503MMMA,"PROSECUTOR:  STEWART, CHELSEA RENEE ASSIGNED"
7,2020-10-22,14003122CTMA,"PROSECUTOR:  STEWART, CHELSEA RENEE ASSIGNED"
8,2020-10-22,20004903MMMO,"PROSECUTOR:  STEWART, CHELSEA RENEE ASSIGNED"
5,2020-10-23,14002535MMMA,"PROSECUTOR:  STEWART, CHELSEA RENEE ASSIGNED"
5,2020-10-23,14002547MMMA,"PROSECUTOR:  STEWART, CHELSEA RENEE ASSIGNED"
5,2020-10-23,14002709MMMA,"PROSECUTOR:  STEWART, CHELSEA RENEE ASSIGNED"
5,2020-10-23,15001619MMMA,"PROSECUTOR:  STEWART, CHELSEA RENEE ASSIGNED"
5,2020-10-23,15001759MMMA,"PROSECUTOR:  STEWART, CHELSEA RENEE ASSIGNED"
5,2020-10-23,15001877MMMA,"PROSECUTOR:  STEWART, CHELSEA RENEE ASSIGNED"
3,2020-10-23,20004232CTMA,EP - NO INFORMATION ASA CHELSEA STEWART
1,2020-10-23,20004505CTMA,"PROSECUTOR:  STEWART, CHELSEA RENEE ASSIGNED"
18,2020-10-26,20002588MMMA,"PROSECUTOR:  STEWART, CHELSEA RENEE ASSIGNED"
10,2020-10-26,20003889MMMA,"PROSECUTOR:  STEWART, CHELSEA RENEE ASSIGNED"
17,2020-10-27,20002308CTMA,"PROSECUTOR:  STEWART, CHELSEA RENEE ASSIGNED"
57,2020-10-27,20003814MMMA,"PROSECUTOR:  STEWART, CHELSEA RENEE ASSIGNED"
5,2020-10-28,11002479MMMA,"PROSECUTOR:  STEWART, CHELSEA RENEE ASSIGNED"
53,2020-10-28,20001442CTMA,"PROSECUTOR:  STEWART, CHELSEA RENEE ASSIGNED"
9,2020-10-28,20003515MMMO,"PROSECUTOR:  STEWART, CHELSEA RENEE ASSIGNED"
15,2020-10-28,20004866MMMA,"PROSECUTOR:  STEWART, CHELSEA RENEE ASSIGNED"
2,2020-10-30,19005025CTMA,"PROSECUTOR:  STEWART, CHELSEA RENEE ASSIGNED"
24,2020-10-30,20004291CTMA,"PROSECUTOR:  STEWART, CHELSEA RENEE ASSIGNED"
4,2020-11-03,19003006CTMA,EP - NO INFORMATION ASA CHELSEA STEWART
1,2020-11-05,20002922CTMA,"PROSECUTOR:  STEWART, CHELSEA RENEE ASSIGNED"
2,2020-11-05,20003249CTMA,"PROSECUTOR:  STEWART, CHELSEA RENEE ASSIGNED"
0,2020-11-05,20003518MOMS,EP - NO INFORMATION ASA CHELSEA STEWART
0,2020-11-05,20003650MMMA,EP - NO INFORMATION ASA CHELSEA STEWART
1,2020-11-05,20004508CTMA,"PROSECUTOR:  STEWART, CHELSEA RENEE ASSIGNED"
8,2020-11-10,20003307MMMA,"PROSECUTOR:  STEWART, CHELSEA RENEE ASSIGNED"
8,2020-11-16,20001638MMMA,"PROSECUTOR:  STEWART, CHELSEA RENEE ASSIGNED"
15,2020-11-16,20004322MMMA,"PROSECUTOR:  STEWART, CHELSEA RENEE ASSIGNED"
11,2020-11-17,20004245CTMA,"PROSECUTOR:  STEWART, CHELSEA RENEE ASSIGNED"
3,2020-11-18,18004096CTMA,NO INFORMATION BY ASA CHELSEA STEWART
4,2020-11-18,18004096CTMA,"PROSECUTOR:  STEWART, CHELSEA RENEE ASSIGNED"
61,2020-11-19,20005098MMMA,"PROSECUTOR:  STEWART, CHELSEA RENEE ASSIGNED"
11,2020-11-19,20005430MMMA,"PROSECUTOR:  STEWART, CHELSEA RENEE ASSIGNED"
0,2020-11-23,20001655MOMS,EP - NO INFORMATION ASA CHELSEA STEWART
0,2020-11-23,20004080MMMA,EP - NO INFORMATION ASA CHELSEA STEWART
34,2020-11-24,20004146MMMA,"PROSECUTOR:  STEWART, CHELSEA RENEE ASSIGNED"
37,2020-11-24,20004167MMMA,"PROSECUTOR:  STEWART, CHELSEA RENEE ASSIGNED"
0,2020-11-25,20001985MMMA,EP - NO INFORMATION ASA CHELSEA STEWART
33,2020-11-30,20003697MMMO,"PROSECUTOR:  STEWART, CHELSEA RENEE ASSIGNED"
23,2020-11-30,20004702MOMS,"PROSECUTOR:  STEWART, CHELSEA RENEE ASSIGNED"
5,2020-12-01,14003812MMMO,"PROSECUTOR:  STEWART, CHELSEA RENEE ASSIGNED"
5,2020-12-01,14004367MMMA,"PROSECUTOR:  STEWART, CHELSEA RENEE ASSIGNED"
1,2020-12-02,20004903MMMO,EP - NO INFORMATION ASA CHELSEA STEWART
1,2020-12-08,20003304MMMA,EP - NO INFORMATION ASA CHELSEA STEWART
0,2020-12-08,20003613MMMA,EP - NO INFORMATION ASA CHELSEA STEWART
5,2020-12-09,20003908MOMS,"PROSECUTOR:  STEWART, CHELSEA RENEE ASSIGNED"
10,2020-12-09,20005474MMMA,"PROSECUTOR:  STEWART, CHELSEA RENEE ASSIGNED"
6,2020-12-14,19006741MMMA,EP - NO INFORMATION ASA CHELSEA STEWART
48,2020-12-16,20005087MMMO,"PROSECUTOR:  STEWART, CHELSEA RENEE ASSIGNED"
16,2020-12-18,20000586CTMA,"PROSECUTOR:  STEWART, CHELSEA RENEE ASSIGNED"
25,2020-12-28,20004927MMMA,"PROSECUTOR:  STEWART, CHELSEA RENEE ASSIGNED"
5,2020-12-29,16005842MMMA,"PROSECUTOR:  STEWART, CHELSEA RENEE ASSIGNED"
5,2020-12-29,16005860MMMO,"PROSECUTOR:  STEWART, CHELSEA RENEE ASSIGNED"
8,2020-12-30,20003925MMMA,"PROSECUTOR:  STEWART, CHELSEA RENEE ASSIGNED"
14,2020-12-30,20004425MMMA,"PROSECUTOR:  STEWART, CHELSEA RENEE ASSIGNED"
58,2021-01-06,20000396CTMA,"PROSECUTOR:  STEWART, CHELSEA RENEE ASSIGNED"
0,2021-01-11,20004169MMMA,EP - NO INFORMATION ASA CHELSEA STEWART
0,2021-01-11,20004505MMMO,EP - NO INFORMATION ASA CHELSEA STEWART
0,2021-01-12,20002515MMMA,EP - NO INFORMATION ASA CHELSEA STEWART
8,2021-01-15,21000028MMMA,"PROSECUTOR:  STEWART, CHELSEA RENEE ASSIGNED"
5,2021-01-20,20003647CTMA,EP - NO INFORMATION ASA CHELSEA STEWART
15,2021-01-25,20000833MMMA,"PROSECUTOR:  STEWART, CHELSEA RENEE ASSIGNED"
6,2021-01-25,20004937CTMA,"PROSECUTOR:  STEWART, CHELSEA RENEE ASSIGNED"
6,2021-01-25,20005225MMMA,"PROSECUTOR:  STEWART, CHELSEA RENEE ASSIGNED"
1,2021-01-26,20001536CTMA,"PROSECUTOR:  STEWART, CHELSEA RENEE ASSIGNED"
0,2021-01-26,20003830MMMO,EP - NO INFORMATION ASA CHELSEA STEWART
10,2021-01-27,20004872CTMA,"PROSECUTOR:  STEWART, CHELSEA RENEE ASSIGNED"
1,2021-01-28,20004386MMMA,EP - NO INFORMATION ASA CHELSEA STEWART
2,2021-02-08,20003408MMMA,EP - NO INFORMATION ASA CHELSEA STEWART
9,2021-02-10,20003899MMMO,"PROSECUTOR:  STEWART, CHELSEA RENEE ASSIGNED"
5,2021-02-10,20005763MMMA,"PROSECUTOR:  STEWART, CHELSEA RENEE ASSIGNED"
0,2021-02-11,20005094MMMO,"PROSECUTOR:  STEWART, CHELSEA RENEE ASSIGNED"
8,2021-02-16,20005300CTMA,"PROSECUTOR:  STEWART, CHELSEA RENEE ASSIGNED"
6,2021-02-16,20005351CTMA,"PROSECUTOR:  STEWART, CHELSEA RENEE ASSIGNED"
1,2021-02-16,20005683MMMO,"PROSECUTOR:  STEWART, CHELSEA RENEE ASSIGNED"
19,2021-02-16,20005690MMMA,"PROSECUTOR:  STEWART, CHELSEA RENEE ASSIGNED"
5,2021-02-18,15002005MOMS,"PROSECUTOR:  STEWART, CHELSEA RENEE ASSIGNED"
1,2021-02-18,17002617CTMA,"PROSECUTOR:  STEWART, CHELSEA RENEE ASSIGNED"
4,2021-02-18,18001196CTMA,EP - NO INFORMATION ASA CHELSEA STEWART
0,2021-02-18,20002221MMMO,EP - NO INFORMATION ASA CHELSEA STEWART
0,2021-02-18,20003904MMMO,EP - NO INFORMATION ASA CHELSEA STEWART
13,2021-02-25,20005406CTMA,"PROSECUTOR:  STEWART, CHELSEA RENEE ASSIGNED"
5,2021-02-25,20005696MMMA,"PROSECUTOR:  STEWART, CHELSEA RENEE ASSIGNED"
1,2021-03-01,20004874MMMO,EP - NO INFORMATION ASA CHELSEA STEWART
9,2021-03-01,21000475MMMA,"PROSECUTOR:  STEWART, CHELSEA RENEE ASSIGNED"
0,2021-03-04,20004010MMMO,EP - NO INFORMATION ASA CHELSEA STEWART
12,2021-03-05,20003930CTMA,"PROSECUTOR:  STEWART, CHELSEA RENEE ASSIGNED"
1,2021-03-08,20003130CTMA,"PROSECUTOR:  STEWART, CHELSEA RENEE ASSIGNED"
1,2021-03-09,19005234CTMA,"PROSECUTOR:  STEWART, CHELSEA RENEE ASSIGNED"
0,2021-03-09,20001969MMMA,EP - NO INFORMATION ASA CHELSEA STEWART
0,2021-03-09,20003685MMMA,EP - NO INFORMATION ASA CHELSEA STEWART
1,2021-03-09,20003685MMMA,"PROSECUTOR:  STEWART, CHELSEA RENEE ASSIGNED"
0,2021-03-09,20003687MMMA,EP - NO INFORMATION ASA CHELSEA STEWART
1,2021-03-09,20003687MMMA,"PROSECUTOR:  STEWART, CHELSEA RENEE ASSIGNED"
0,2021-03-09,20003949MMMO,EP - NO INFORMATION ASA CHELSEA STEWART
1,2021-03-09,20003949MMMO,"PROSECUTOR:  STEWART, CHELSEA RENEE ASSIGNED"
3,2021-03-09,21000450MMMA,"PROSECUTOR:  STEWART, CHELSEA RENEE ASSIGNED"
25,2021-03-10,20004862MMMA,"PROSECUTOR:  STEWART, CHELSEA RENEE ASSIGNED"
10,2021-03-10,20006004MMMA,"PROSECUTOR:  STEWART, CHELSEA RENEE ASSIGNED"
10,2021-03-11,20001561CTMA,"PROSECUTOR:  STEWART, CHELSEA RENEE ASSIGNED"
0,2021-03-24,20003515MMMO,EP - NO INFORMATION ASA CHELSEA STEWART
0,2021-03-25,19006502MMMA,EP - NO INFORMATION ASA CHELSEA STEWART
5,2021-04-05,14002814MMMA,"PROSECUTOR:  STEWART, CHELSEA RENEE ASSIGNED"
0,2021-12-01,20004567MMMO,NO INFORMATION BY ASA CHELSEA STEWART
12,2022-01-26,22000127MMMA,"DEFENSE ATTORNEY:  STEWART, CHELSEA RENEE ASSIGNED"
33,2022-06-08,22002641CTMA,"DEFENSE ATTORNEY:  STEWART, CHELSEA RENEE ASSIGNED"
35,2022-06-08,22002641CTMA,"DEFENSE ATTORNEY:  STEWART, CHELSEA RENEE ASSIGNED"
21,2022-07-05,21004974MMMA,"DEFENSE ATTORNEY:  STEWART, CHELSEA RENEE ASSIGNED"
17,2022-07-20,22002947MMMA,"DEFENSE ATTORNEY:  STEWART, CHELSEA RENEE ASSIGNED"
6,2022-07-28,22003426MMMA,"DEFENSE ATTORNEY:  STEWART, CHELSEA RENEE ASSIGNED"
8,2022-08-10,22003121CTMA,"DEFENSE ATTORNEY:  STEWART, CHELSEA RENEE ASSIGNED"
7,2022-08-30,22003887MMMA,"DEFENSE ATTORNEY:  STEWART, CHELSEA RENEE ASSIGNED"
